URL	Status	Previous traffic	Current traffic	Traffic change	Previous traffic value	Current traffic value	Traffic value change	Previous # of keywords	Current # of keywords	Keywords change	Previous top keyword	Current top keyword	Previous top keyword: Country	Current top keyword: Country	Previous top keyword: Volume	Current top keyword: Volume	Previous top keyword: Position	Current top keyword: Position	Top keyword: Position change
https://flatearthequipment.com/diagnostic-codes/e-a5-1-code-on-toyota-forklift-2/		177	185	8	12.04	11.11	-0.93	28	32	4	a5-1 toyota forklift code	a5-1 toyota forklift code	United States	United States	150	150	2	2	0
https://flatearthequipment.com/parts/construction-equipment-parts/your-bobcat-serial-number-how-to-find-and-use-it/		151	135	-16	132.98	117.09	-15.89	36	34	-2	bobcat serial number lookup	bobcat serial number lookup	United States	United States	450	400	5	5	0
https://flatearthequipment.com/parts/aerial-equipment/genie-scissor-lift-error-codes/		87	130	43	4.25	4.95	0.71	49	48	-1	genie scissor lift error codes	genie scissor lift error codes	United States	United States	250	200	3	2	1
https://flatearthequipment.com/rental/telehandler/jcb-telehandler-battery-location/		80	106	26	0.00	0.00	0.00	16	15	-1	jcb 512-56 battery location	jcb telehandler battery location	United States	United States	50	80	2	1	
https://flatearthequipment.com/rental/forklifts/hyster-serial-number-lookup/		72	81	9	37.33	30.88	-6.45	52	60	8	hyster serial number lookup	hyster serial number lookup	United States	United States	150	150	3	3	0
https://flatearthequipment.com/parts/construction-equipment-parts/new-holland-skid-steer-serial-number-lookup/		78	77	-1	21.28	18.43	-2.86	29	34	5	new holland skid steer serial number lookup	new holland skid steer serial number lookup	United States	United States	70	70	1	2	-1
https://flatearthequipment.com/construction-equipment/do-skid-steers-have-titles/		49	48	-1	0.69	0.35	-0.34	18	21	3	do skid steers have titles	do skid steers have titles	United States	United States	300	300	7	6	1
https://flatearthequipment.com/rental/forklifts/hyster-forklift-fault-codes-list/		36	33	-3	24.90	24.30	-0.60	31	34	3	hyster forklift fault codes list	hyster forklift fault codes list	United States	United States	150	150	3	3	0
https://flatearthequipment.com/diagnostic-codes/cat-forklift-fault-codes/		48	32	-16	10.87	8.10	-2.76	38	35	-3	cat forklift error codes	cat forklift error codes	United States	United States	100	100	5	6	-1
https://flatearthequipment.com/rental/telehandler/jcb-telehandler-fault-codes-list/		44	31	-13	45.40	23.27	-22.13	23	24	1	jcb telehandler fault codes list	jcb fault codes list	United States	United Kingdom	80	250	2	8	
https://flatearthequipment.com/parts/toyota-forklift-year-by-serial-number/		25	28	3	13.15	13.12	-0.03	29	29		toyota forklift serial number lookup	toyota forklift serial number lookup	United States	United States	200	200	7	7	0
https://flatearthequipment.com/parts/construction-equipment-parts/case-loader-serial-number-lookup/		32	27	-5	1.85	1.82	-0.02	44	40	-4	case serial number lookup	case serial number lookup	United States	United States	150	150	8	8	0
https://flatearthequipment.com/diagnostic-codes/e43-code-nissan-forklift/		20	24	4	12.56	15.67	3.11	18	16	-2	e-43 code on nissan forklift	e-43 code on nissan forklift	United States	United States	60	60	6	5	1
https://flatearthequipment.com/parts/forklift-parts/nissan-k21-forklift-engine/		24	21	-3	9.51	8.12	-1.39	15	15		k21 engine	k21 engine	United States	United States	80	80	5	5	0
https://flatearthequipment.com/parts/construction-equipment-parts/gehl-serial-number-lookup/		22	21	-1	0.45	0.19	-0.26	12	9	-3	gehl serial number lookup	gehl serial number lookup	United States	United States	50	50	1	1	0
https://flatearthequipment.com/parts/construction-equipment-parts/jcb-backhoe-serial-number-lookup/		21	21		0.11	0.00	-0.11	12	9	-3	how to read jcb serial number	how to read jcb serial number	United States	United States	30	30	2	2	0
https://flatearthequipment.com/rental/telehandler/jcb-telehandler-joystick-controls/		11	12	1	0.39	1.20	0.81	5	5		jcb telehandler joystick controls	jcb telehandler joystick controls	United States	United States	20	20	1	1	0
https://flatearthequipment.com/rental/jcb-telehandler-models/		4	11	7	0.76	9.54	8.78	13	12	-1	jcb telehandler	jcb telehandler	Canada	United States	500	2300	16	17	-1
https://flatearthequipment.com/parts/construction-equipment-parts/jcb-telehandler-cabin-filter-location/		9	9					6	5	-1	jcb telehandler cabin filter location	jcb telehandler cabin filter location	Australia	Australia	20	20	1	1	0
https://flatearthequipment.com/parts/raymond-forklift-serial-number/		9	8	-1	0.74	0.34	-0.40	25	21	-4	raymond forklift year by serial number	raymond forklift year by serial number	United States	United States	20	20	4	3	1
https://flatearthequipment.com/parts/construction-equipment-parts/jcb-parts-by-serial-number/		7	8	1	2.03	2.05	0.02	4	6	2	jcb parts by serial number	jcb parts by serial number	United States	United States	50	50	4	4	0
https://flatearthequipment.com/parts/construction-equipment-parts/john-deere-skid-steer-product-identification-number-lookup/		17	6	-11	20.61	6.33	-14.29	22	26	4	john deere vin decoder 17 digit	john deere skid steer vin lookup	United States	United States	250	20	12	6	
https://flatearthequipment.com/parts/construction-equipment-parts/jcb-3cx-serial-numbers/		2	6	4	0.93	5.54	4.61	6	8	2	how to read jcb serial number	3cx engine number	United States	Australia	30	100	9	8	
https://flatearthequipment.com/attachments/forklift-forks/forklift-forks-class-3/		5	5		4.03	3.29	-0.75	21	29	8	class 3 forks	class 3 forklift forks	United States	United States	70	60	8	10	
https://flatearthequipment.com/construction-equipment/case-1840-specs/		0	5	5		0.30	0.30	2	16	14	case 1840 engine specs	case 1840 weight	United States	United States	20	150	13	13	
https://flatearthequipment.com/parts/construction-equipment-parts/jcb-1400b-serial-number/		2	3	1	0.00	0.03	0.03	5	6	1	jcb 1400b backhoe specs	jcb 1400b specs	United States	United States	20	40	7	8	
https://flatearthequipment.com/rental/forklifts/how-long-is-forklift-certification-good-for/	New		3	3		2.56	2.56		33	33		forklift certification expiration		United States		150		11	
https://flatearthequipment.com/parts/construction-equipment-parts/jcb-excavator-serial-number-location/		4	3	-1	0.00		0.00	5	4	-1	jcb chassis number	jcb chassis number	India	India	50	50	6	8	-2
https://flatearthequipment.com/cheyenne-wy/		1	2	1	1.60	3.19	1.59	6	7	1	equipment rental cheyenne wy	equipment rental cheyenne wy	United States	United States	100	150	17	15	2
https://flatearthequipment.com/parts/forklift-propane-tank/		2	2		1.79	1.72	-0.08	50	54	4	forklift propane tank size	forklift propane tank size	United States	United States	200	150	18	18	0
https://flatearthequipment.com/attachments/forklift-forks/what-are-forklift-forks-made-of-2/		3	2	-1	0.78	0.00	-0.78	8	8		forklift fork material	what are forklift forks made of	United States	United States	30	40	6	8	
https://flatearthequipment.com/attachments/forks-for-a-backhoe/		2	1	-1	0.72	0.37	-0.35	12	11	-1	backhoe forks	backhoe forks	United States	United States	350	300	20	24	-4
https://flatearthequipment.com/pueblo-colorado/		1	1		1.26	1.07	-0.19	8	10	2	equipment rental pueblo	rental equipment pueblo	United States	United States	100	60	18	18	
https://flatearthequipment.com/rental/forklifts/how-old-must-you-be-to-operate-a-forklift-2/	New		1	1		0.15	0.15		16	16		how old to operate a forklift		United States		150		20	
https://flatearthequipment.com/parts/nissan-forklift-idle-circuit/		1	1		0.02	0.04	0.03	5	7	2	nissan forklift e27 code	nissan forklift e27 code	United States	United States	20	20	6	8	-2
https://flatearthequipment.com/parts/mitsubishi-fg25n-engine/		0	1	1	0.35	0.38	0.03	1	6	5	mitsubishi fg25n specs	mitsubishi fg25n specs	United States	United States	100	100	17	17	0
https://flatearthequipment.com/product/forklift-forks-class-iii-std-taper-72-x-6-x-2/		0	1	1		0.32	0.32	2	5	3	class 3 forklift carriage	6' forklift forks	United States	United States	20	20	34	15	
https://flatearthequipment.com/parts/cat-p5000-e31-error-code/		2	1	-1	0.00	0.00	0.00	7	10	3	cat forklift error codes	cat forklift error codes	United States	United States	100	100	13	15	-2
https://flatearthequipment.com/product/forklift-forks-class-ii-std-taper-72-x-5-x-1-75/	Lost	1		-1	0.51		-0.51	3		-3	class 2 forks		United States		40		14		
https://flatearthequipment.com/rental/jlg-t350/		0	0		0.24	0.30	0.06	3	5	2	jlg t350 reach chart	jlg t350 reach chart	United States	United States	40	40	15	14	1
https://flatearthequipment.com/hyster/		0	0		0.00	0.01	0.01	1	3	2	hyster s50ct	hyster 700	United States	United States	30	30	77	27	
https://flatearthequipment.com/battery-charger-modules/		0	0		0.03	0.01	-0.02	3	3		enersys battery charger	6la20671	United States	United States	80	50	30	4	
https://flatearthequipment.com/rental/construction-equipment-rental/what-is-the-fuel-capacity-of-a-746b-bobcat/		1	0	-1				4	3	-1	bobcat 743b lift capacity	bobcat 743b lift capacity	United States	United States	40	40	16	18	-2
https://flatearthequipment.com/rental/telehandler/wyoming-telehandler-rental/		0	0		0.00		0.00	2	1	-1	telehandler rental costs	telehandler forklift rentals fort collins co	United States	United States	10	0	80	30	
https://flatearthequipment.com/parts/forklift-parts/2000-12-can-bus-code-2/	New		0						1	1		2000/12		United States		6300		75	
https://flatearthequipment.com/parts/forklift-parts/ty53720-u2231-71/		0	0		0.00	0.00	0.00	1	1		53720-u2231-71	53720-u2231-71	United States	United States	10	10	10	12	-2
https://flatearthequipment.com/undercarriage-parts/		0	0		0.01	0.00	0.00	8	4	-4	excavator undercarriage parts	excavator undercarriage parts	United States	United States	150	150	45	53	-8
https://flatearthequipment.com/excavator-parts/		0	0		0.00	0.01	0.00	6	8	2	excavator components	excavator parts	United States	United States	60	1200	39	46	
https://flatearthequipment.com/construction-equipment-parts/	New		0						1	1		earthmoving equipment parts		United States		70		50	
https://flatearthequipment.com/tracks-and-tires/		0	0		0.00	0.00		2	1	-1	tracks and tires	tracks and tires	United States	United States	50	50	37	37	0
https://flatearthequipment.com/carpet-poles/		0	0		0.07	0.19	0.12	12	12		forklift carpet pole attachment	carpet pole	United States	United States	40	200	24	26	
https://flatearthequipment.com/daily-rentals/		0	0		0.00	0.00		1	1		daily equipment company	daily equipment company	United States	United States	20	20	96	96	0
https://flatearthequipment.com/attachments/forklift-forks/shaft-mounted-forks/		0	0		0.01	0.00	-0.01	1	1		shaft mounted forks	shaft mounted forks	United States	United States	20	20	25	33	-8
https://flatearthequipment.com/rental/john-deere-320-skid-steer/		0	0		0.00	0.00	0.00	2	3	1	john deere 320 skid steer	320 john deere skid steer	United States	United States	400	80	47	43	
https://flatearthequipment.com/product/toyota-seat-53720-u223171/		0	0		0.00	0.00	0.00	1	1		53720-u2231-71	53720-u2231-71	United States	United States	10	10	8	15	-7
https://flatearthequipment.com/attachments/forklift-side-shifter/		0	0		0.00	0.00	0.00	9	3	-6	forklift side shifter	side shifter forklift	United States	United States	70	30	52	47	
https://flatearthequipment.com/toro/		0	0		0.12	0.16	0.04	3	3		toro forklift	toro forklift	United States	United States	20	20	19	18	1
https://flatearthequipment.com/product/forklift-forks-class-iii-std-taper-48-x-6-x-2/		0	0		0.06	0.14	0.08	3	1	-2	48 inch forklift forks	48 inch forklift forks	United States	United States	20	20	16	12	4
https://flatearthequipment.com/		0	0		0.05	0.05		1	1		earth equipment	earth equipment	United States	United States	20	20	18	18	0
https://flatearthequipment.com/parts/forklift-parts/seats-2/		0	0		0.00	0.00	0.00	1	1		clark forklift seats	clark forklift seats	United States	United States	20	20	52	47	5
https://flatearthequipment.com/product/cat-91a1431010-vinyl-suspension-seat/	New		0			0.05	0.05		2	2		cat forklift seat		United States		30		17	
https://flatearthequipment.com/rental/construction-equipment-rental/john-deere-250-skid-steer/	New		0			0.07	0.07		13	13		john deere 250 lift capacity		United States		30		15	
https://flatearthequipment.com/parts/construction-equipment-parts/jcb-telehandler-serial-number-location-2/		0	0		0.00		0.00	6	1	-5	jcb code lookup	jcb code lookup	United States	United States	60	60	19	30	-11
https://flatearthequipment.com/by-brand/		0	0		0.00	0.00		1	1		earth equipment	earth equipment	United States	United States	20	20	61	61	0
https://flatearthequipment.com/heli/		0	0		0.13	0.03	-0.10	2	2		heli forklift parts	heli forklift parts	United States	United States	40	60	21	29	-8
https://flatearthequipment.com/parts/cat-p5000-throttle-control-switch-troubleshooting/		0	0		0.01	0.01	0.00	7	7		cat p5000 forklift manual	cat p5000 forklift manual	United States	United States	10	10	20	19	1
https://flatearthequipment.com/parts/attachments/forks/		0	0		0.00	0.00	0.00	3	5	2	class 3 forklift forks	flat fork	United States	United States	60	100	55	53	
https://flatearthequipment.com/las-cruces-new-mexico/		0	0		0.05	0.03	-0.02	5	5		equipment rental las cruces	equipment rental las cruces	United States	United States	80	80	28	29	-1
https://flatearthequipment.com/rental/landscaping-equipment/toro-dingo-tx427/		1	0	-1	0.14	0.00	-0.13	24	11	-13	toro dingo tx427 platform	dingo tx427 weight	United States	United States	10	20	10	22	
https://flatearthequipment.com/skid-steer-loaders/		0	0					1	1		skid steer rental pueblo	skid steer rental pueblo	United States	United States	0	0	57	51	6
https://flatearthequipment.com/attachments/forklift-forks/bent-forklift-forks/		0	0					1	1		bent forklift forks	bent forklift forks	United States	United States	40	40	17	18	-1
https://flatearthequipment.com/parts/attachments/sideshifts/		0	0		0.00	0.00		2	2		sideshift forklift	sideshift forklift	United States	United States	10	10	47	47	0
https://flatearthequipment.com/product/forklift-forks-class-iii-std-taper-42-x-5-x-2/	New		0			0.02	0.02		14	14		forklift fork size chart		United States		100		36	
https://flatearthequipment.com/product/forklift-forks-class-ii-std-taper-48-x-4-x-1-75/	New		0			0.02	0.02		1	1		48 inch forklift forks		United States		20		21	
https://flatearthequipment.com/rental/aerial-lifts/jlg-450aj/		0	0		0.01	0.04	0.03	14	14		450aj weight	450aj boom lift	United States	United States	90	50	34	21	
https://flatearthequipment.com/sinoboom/		0	0		0.00	0.00	0.00	1	1		sinoboom	sinoboom	Canada	Canada	20	20	25	25	0
https://flatearthequipment.com/product/forklift-forks-class-ii-std-taper-72-x-4-x-1-75/		1	0	-1	0.67	0.12	-0.54	2	1	-1	72 inch forklift forks	72 forklift forks	United States	United States	20	20	11	14	
https://flatearthequipment.com/bozeman-mt/		0	0		0.20	0.21	0.02	8	9	1	tool rental bozeman	rent a track hoe	United States	United States	40	50	21	22	
https://flatearthequipment.com/parts/aerial-equipment/jlg-1600292-controller/		0	0		0.22	0.18	-0.04	2	2		jlg 1600292	jlg 1600292	United States	United States	10	10	6	7	-1
https://flatearthequipment.com/rental/forklifts/importance-forklift-chains-maintenance-safety/	New		0			0.00	0.00		1	1		forklift chain replacement		United States		20		58	
https://flatearthequipment.com/forklift-battery-chargers/		0	0		0.02	0.01	-0.01	10	11	1	forklift battery charger	forklift battery chargers	United States	United States	1100	80	44	39	
https://flatearthequipment.com/location/	New		0			0.00	0.00		1	1		bobcat rental pueblo		United States		10		71	
https://flatearthequipment.com/product/forklift-forks-class-iv-std-taper-60-x-6-x-2-5/	New		0						1	1		6' forklift forks		United States		20		16	
https://flatearthequipment.com/product/forklift-forks-class-iii-std-taper-72-x-5-x-2/	New		0			0.08	0.08		1	1		72 inch forklift forks		United States		20		19	
https://flatearthequipment.com/product/forklift-charger-module-6la20671/		0	0		0.01	0.00	-0.01	3	2	-1	6la20671	6la20671	United States	United States	50	50	4	5	-1
https://flatearthequipment.com/product/forklift-forks-class-ii-std-taper-42-x-5-x-1-75/	New		0			0.07	0.07		3	3		class ii forklift		United States		30		23	
https://flatearthequipment.com/product/toyota-seat-assembly-53730-u117071/		0	0					1	1		53731u117071	53731u117071	United States	United States	0	0	11	11	0
https://flatearthequipment.com/parts/construction-equipment-parts/jcb-engine-serial-number-lookup/	Lost	0						1		-1	engine numbers 3cx		Australia		0		62		
https://flatearthequipment.com/product/forklift-forks-class-ii-std-taper-48-x-5-x-1-75/	Lost	0			0.12		-0.12	3		-3	48 inch forklift forks		United States		20		13		
https://flatearthequipment.com/parts/forklift-parts/tires/	Lost	0			0.00		0.00	1		-1	forklift load wheels		United States		20		65		
https://flatearthequipment.com/product/forklift-forks-class-ii-std-taper-54-x-5-x-1-75/	Lost	0			0.00		0.00	1		-1	flat forks		United States		30		74		
https://flatearthequipment.com/product/forklift-forks-class-iii-std-taper-96-x-5-x-2/	Lost	0			0.00		0.00	1		-1	forklift fork classifications		United States		10		34		
https://flatearthequipment.com/rental/	Lost	0			0.00		0.00	1		-1	bobcat rental pueblo		United States		10		56		
https://flatearthequipment.com/product/forklift-forks-class-iv-std-taper-48-x-6-x-2-5/	Lost	0			0.10		-0.10	1		-1	class 4 forks		United States		30		18		