vendor_pn,brand,oem_display,description,category,category_bucket,compatible_models,phase,publish_status,slug,qty,sn_from,sn_to,notes
GN1000042,Genie,1000042,General safety,DECALS / LABELS,decals,GS68 RT|GS84 RT|GS90 RT,hold,hold,genie-1000042-general-safety,1,44989,Up,sn_breaks=GS68 RT:44989-Up;GS84 RT:40966-Up;GS90 RT:42905-Up
GN104841,Genie,104841,Left wheel assy (non marking),WHEELS / TIRES,wheels,GS84 RT,hold,hold,genie-104841-left-wheel-assy-non-marking,A/R,1,Up,Foam filled | sn_breaks=GS84 RT:1-Up
GN104842,Genie,104842,Right wheel assy (non marking),WHEELS / TIRES,wheels,GS84 RT,hold,hold,genie-104842-right-wheel-assy-non-marking,A/R,1,Up,Foam filled | sn_breaks=GS84 RT:1-Up
GN104843,Genie,104843,26 x 12 D380 tire (non marking),WHEELS / TIRES,wheels,GS84 RT,hold,hold,genie-104843-26-x-12-d380-tire-non-marking,A/R,1,Up,Require foam filled | sn_breaks=GS84 RT:1-Up
GN105107,Genie,105107,Strobe light,ACCESSORIES,accessories,GS68 RT|GS84 RT|GS90 RT,1,pending,genie-105107-strobe-light,1,1,Up,sn_breaks=GS68 RT:1-Up;GS84 RT:40001-Up;GS90 RT:40001-Up
GN112392,Genie,112392,20A circuit breaker,FUSES / CIRCUIT BREAKERS,fuses,GS84 RT|GS90 RT,1,pending,genie-112392-20a-circuit-breaker,1,40833,Up,Dual fuel | Dual fuel models | sn_breaks=GS84 RT:40833-Up;GS90 RT:42686-UP
GN114046,Genie,114046,Safety kit (words),DECALS / LABELS,decals,GS84 RT|GS90 RT,hold,hold,genie-114046-safety-kit-words,1,40966,Up,sn_breaks=GS84 RT:40966-Up;GS90 RT:42905-Up
GN124641,Genie,124641,E-stop switch kit,SWITCHES,switches,GS84 RT|GS90 RT,1,pending,genie-124641-e-stop-switch-kit,A/R,40001,40131,sn_breaks=GS84 RT:40001-40131;GS90 RT:40001-40085
GN13037-S,Genie,13037-S,Toggle switch SPDT - 3 position momentary,SWITCHES,switches,GS68 RT|GS84 RT|GS90 RT,1,pending,genie-13037-s-toggle-switch-spdt-3-position-momentary,A/R,1,Up,sn_breaks=GS68 RT:1-Up;GS84 RT:40001-40832;GS90 RT:40001-42685
GN131339,Genie,131339,Safety kit (words),DECALS / LABELS,decals,GS68 RT,hold,hold,genie-131339-safety-kit-words,1,44949,Up,Diesel | sn_breaks=GS68 RT:44949-Up
GN131340,Genie,131340,Right wheel assy,WHEELS / TIRES,wheels,GS90 RT,hold,hold,genie-131340-right-wheel-assy,A/R,40001,Up,Foam filled | sn_breaks=GS90 RT:40001-Up;GS90 RT:40001-Up
GN131341,Genie,131341,Left wheel assy,WHEELS / TIRES,wheels,GS90 RT,hold,hold,genie-131341-left-wheel-assy,A/R,40001,Up,Foam filled | sn_breaks=GS90 RT:40001-Up;GS90 RT:40001-Up
GN13480-S,Genie,13480-S,Toggle switch DPDT - 2 position momentary,SWITCHES,switches,GS68 RT|GS84 RT|GS90 RT,1,pending,genie-13480-s-toggle-switch-dpdt-2-position-momentary,A/R,1,Up,sn_breaks=GS68 RT:1-Up;GS84 RT:40001-Up;GS90 RT:40001-Up
GN144065,Genie,144065,Platform controls - coil cord,CONTROLLERS,controllers,GS68 RT|GS84 RT|GS90 RT,1,pending,genie-144065-platform-controls-coil-cord,1,42382,Up,w/Deutsch plug | sn_breaks=GS68 RT:42382-Up;GS84 RT:40213-Up;GS90 RT:41523-Up
GN147095,Genie,147095,20A circuit breaker,FUSES / CIRCUIT BREAKERS,fuses,GS68 RT|GS84 RT|GS90 RT,1,pending,genie-147095-20a-circuit-breaker,1,1,Up,sn_breaks=GS68 RT:1-Up;GS84 RT:40001-Up;GS90 RT:40001-UP
GN19274,Genie,19274,SPDT 12V relay,DIODES / RELAYS,relays,GS84 RT|GS90 RT,1,pending,genie-19274-spdt-12v-relay,A/R,40213,40832,sn_breaks=GS84 RT:40213-40832;GS90 RT:40001-Up
GN19506,Genie,19506,Hour meter gauge,ACCESSORIES,accessories,GS68 RT|GS84 RT|GS90 RT,1,pending,genie-19506-hour-meter-gauge,1,1,Up,sn_breaks=GS68 RT:1-Up;GS84 RT:40001-Up;GS90 RT:40001-Up
GN27246,Genie,27246,Toggle boot switch,SWITCHES,switches,GS68 RT|GS84 RT|GS90 RT,1,pending,genie-27246-toggle-boot-switch,A/R,1,Up,sn_breaks=GS68 RT:1-Up;GS84 RT:40001-Up;GS90 RT:40001-Up
GN27378-S,Genie,27378-S,Toggle switch DPDT - 2 position maintained,SWITCHES,switches,GS68 RT|GS84 RT|GS90 RT,1,pending,genie-27378-s-toggle-switch-dpdt-2-position-maintained,A/R,1,Up,sn_breaks=GS68 RT:1-Up;GS84 RT:40001-40832;GS90 RT:40001-42685
GN34052,Genie,34052,SPDT 12V relay,DIODES / RELAYS,relays,GS68 RT|GS84 RT|GS90 RT,1,pending,genie-34052-spdt-12v-relay,A/R,1,Up,Plug-in | sn_breaks=GS68 RT:1-Up;GS84 RT:40001-Up;GS90 RT:40001-Up
GN34053,Genie,34053,SPDT socket relay,DIODES / RELAYS,relays,GS68 RT|GS84 RT|GS90 RT,1,pending,genie-34053-spdt-socket-relay,A/R,1,Up,sn_breaks=GS68 RT:1-Up;GS84 RT:40001-Up;GS90 RT:40001-Up
GN39540,Genie,39540,Descent alarm,ACCESSORIES,accessories,GS68 RT|GS84 RT|GS90 RT,1,pending,genie-39540-descent-alarm,1,1,Up,sn_breaks=GS68 RT:1-Up;GS84 RT:40001-Up;GS90 RT:40001-Up
GN40836,Genie,40836,Level sensor,LEVEL SENSORS,sensors,GS68 RT|GS84 RT|GS90 RT,1,pending,genie-40836-level-sensor,1,1,41753,sn_breaks=GS68 RT:1-41753;GS84 RT:40001-40076;GS90 RT:40001-41157
GN43091,Genie,43091,General safety,DECALS / LABELS,decals,GS68 RT|GS84 RT|GS90 RT,hold,hold,genie-43091-general-safety,1,1,44988,sn_breaks=GS68 RT:1-44988;GS84 RT:40001-40965;GS90 RT:40001-42904
GN44168,Genie,44168,Solenoid steering,VALVES,valves,GS68 RT,2,pending,genie-44168-solenoid-steering,1,44771,Up,sn_breaks=GS68 RT:44771-Up
GN44170,Genie,44170,Solenoid brake,VALVES,valves,GS68 RT,2,pending,genie-44170-solenoid-brake,1,1,44770,sn_breaks=GS68 RT:1-44770
GN48694,Genie,48694,Upper control box overlay,DECALS / LABELS,decals,GS68 RT|GS84 RT|GS90 RT,hold,hold,genie-48694-upper-control-box-overlay,1,1,42381,"Dual fuel, w/o outriggers | sn_breaks=GS68 RT:1-42381;GS84 RT:40001-40212;GS90 RT:40001-41522"
GN48695,Genie,48695,Upper control box overlay,DECALS / LABELS,decals,GS68 RT|GS84 RT|GS90 RT,hold,hold,genie-48695-upper-control-box-overlay,1,1,42381,"Diesel, w/o outriggers | sn_breaks=GS68 RT:1-42381;GS84 RT:40001-40212;GS90 RT:40001-41522"
GN48705,Genie,48705,Ground controls,DECALS / LABELS,decals,GS68 RT,hold,hold,genie-48705-ground-controls,1,1,41199,sn_breaks=GS68 RT:1-41199
GN52372,Genie,52372,Solenoid proportional,VALVES,valves,GS68 RT,2,pending,genie-52372-solenoid-proportional,1,1,Up,sn_breaks=GS68 RT:1-Up
GN52380,Genie,52380,Solenoid steering,VALVES,valves,GS68 RT,2,pending,genie-52380-solenoid-steering,1,1,44770,sn_breaks=GS68 RT:1-44770
GN52392,Genie,52392,Safety kit,DECALS / LABELS,decals,GS68 RT,hold,hold,genie-52392-safety-kit,1,1,41199,Dual fuel | sn_breaks=GS68 RT:1-41199
GN52393,Genie,52393,Safety kit,DECALS / LABELS,decals,GS68 RT,hold,hold,genie-52393-safety-kit,1,1,41199,Diesel | sn_breaks=GS68 RT:1-41199
GN61225,Genie,61225,SPDT 70A 12V relay,DIODES / RELAYS,relays,GS84 RT|GS90 RT,1,pending,genie-61225-spdt-70a-12v-relay,1,41848,Up,sn_breaks=GS84 RT:41848-Up;GS90 RT:46174-Up
GN62161,Genie,62161,Joystick controller,CONTROLLERS,controllers,GS68 RT|GS84 RT|GS90 RT,1,pending,genie-62161-joystick-controller,1,1,42831,"Single axis, drive/steer | sn_breaks=GS68 RT:1-42831;GS84 RT:40001-40212;GS90 RT:40001-41522"
GN62162,Genie,62162,Platform controls - coil cord,CONTROLLERS,controllers,GS68 RT|GS84 RT|GS90 RT,1,pending,genie-62162-platform-controls-coil-cord,1,1,42381,w/trident connector | sn_breaks=GS68 RT:1-42381;GS84 RT:40001-40212;GS90 RT:40001-41522
GN62164,Genie,62164,Tilt alarm,ACCESSORIES,accessories,GS68 RT|GS84 RT|GS90 RT,1,pending,genie-62164-tilt-alarm,1,1,Up,sn_breaks=GS68 RT:1-Up;GS84 RT:40001-Up;GS90 RT:40001-Up
GN62165,Genie,62165,Toggle switch SPDT - 3 position momentary,SWITCHES,switches,GS68 RT|GS84 RT|GS90 RT,1,pending,genie-62165-toggle-switch-spdt-3-position-momentary,1,1,Up,sn_breaks=GS68 RT:1-Up;GS84 RT:40001-40832;GS90 RT:40001-42685
GN62166,Genie,62166,Push button switch,SWITCHES,switches,GS68 RT|GS84 RT|GS90 RT,1,pending,genie-62166-push-button-switch,1,1,Up,Low range | sn_breaks=GS68 RT:1-Up;GS84 RT:40001-40832;GS90 RT:40001-42685
GN62167,Genie,62167,Push button switch,SWITCHES,switches,GS68 RT|GS84 RT|GS90 RT,1,pending,genie-62167-push-button-switch,1,1,Up,High range | sn_breaks=GS68 RT:1-Up;GS84 RT:40001-40832;GS90 RT:40001-42685
GN62815,Genie,62815,Solenoid brake,VALVES,valves,GS90 RT,2,pending,genie-62815-solenoid-brake,1,40001,41690,sn_breaks=GS90 RT:40001-41690
GN66761,Genie,66761,E-stop switch kit,SWITCHES,switches,GS68 RT,1,pending,genie-66761-e-stop-switch-kit,A/R,1,37961,sn_breaks=GS68 RT:1-37961
GN66811,Genie,66811,Key switch - 3 position maintained,SWITCHES,switches,GS68 RT|GS84 RT|GS90 RT,1,pending,genie-66811-key-switch-3-position-maintained,1,37862,41823,sn_breaks=GS68 RT:37862-41823;GS84 RT:40132-40212;GS90 RT:40086-41350
GN66812,Genie,66812,E-stop button,SWITCHES,switches,GS68 RT|GS84 RT|GS90 RT,1,pending,genie-66812-e-stop-button,A/R,37692,Up,sn_breaks=GS68 RT:37692-Up;GS84 RT:40132-Up;GS90 RT:40086-Up
GN66813,Genie,66813,Push button switch,SWITCHES,switches,GS68 RT,1,pending,genie-66813-push-button-switch,2,1,Up,sn_breaks=GS68 RT:1-Up
GN66814,Genie,66814,Block base w/2 N.O. contacts,SWITCHES,switches,GS68 RT,1,pending,genie-66814-block-base-w-2-n-o-contacts,A/R,1,Up,sn_breaks=GS68 RT:1-Up
GN66815,Genie,66815,Block base w/1 N.O. contacts,SWITCHES,switches,GS68 RT,1,pending,genie-66815-block-base-w-1-n-o-contacts,A/R,1,Up,sn_breaks=GS68 RT:1-Up
GN66816,Genie,66816,Contact block N.O.,SWITCHES,switches,GS68 RT,1,pending,genie-66816-contact-block-n-o,A/R,1,Up,sn_breaks=GS68 RT:1-Up
GN66817,Genie,66817,Block base w/1 N.C. contacts,SWITCHES,switches,GS68 RT|GS84 RT|GS90 RT,1,pending,genie-66817-block-base-w-1-n-c-contacts,A/R,1,Up,sn_breaks=GS68 RT:1-Up;GS84 RT:40132-Up;GS90 RT:40086-Up
GN66818,Genie,66818,Contact block N.C.,SWITCHES,switches,GS68 RT|GS84 RT|GS90 RT,1,pending,genie-66818-contact-block-n-c,A/R,1,Up,sn_breaks=GS68 RT:1-Up;GS84 RT:40132-Up;GS90 RT:40086-Up
GN71245,Genie,71245,Upper control box overlay,DECALS / LABELS,decals,GS68 RT|GS84 RT|GS90 RT,hold,hold,genie-71245-upper-control-box-overlay,1,1,42381,"Dual fuel, w/outriggers | sn_breaks=GS68 RT:1-42381;GS84 RT:40001-40212;GS90 RT:40001-41522"
GN71246,Genie,71246,Upper control box overlay,DECALS / LABELS,decals,GS68 RT|GS84 RT|GS90 RT,hold,hold,genie-71246-upper-control-box-overlay,1,1,42381,"Diesel, w/outriggers | sn_breaks=GS68 RT:1-42381;GS84 RT:40001-40212;GS90 RT:40001-41522"
GN71484,Genie,71484,Level sensor,LEVEL SENSORS,sensors,GS68 RT|GS84 RT|GS90 RT,1,pending,genie-71484-level-sensor,1,1,Up,Models w/outriggers | sn_breaks=GS68 RT:1-Up;GS84 RT:40001-Up;GS90 RT:40001-Up
GN72452,Genie,72452,Ground controls,DECALS / LABELS,decals,GS84 RT|GS90 RT,hold,hold,genie-72452-ground-controls,1,40001,40212,sn_breaks=GS84 RT:40001-40212;GS90 RT:40001-40832
GN72989,Genie,72989,Ground controls,DECALS / LABELS,decals,GS68 RT,hold,hold,genie-72989-ground-controls,1,42000,42381,sn_breaks=GS68 RT:42000-42381
GN73923,Genie,73923,33/16 LL500 wheel assy,WHEELS / TIRES,wheels,GS90 RT,hold,hold,genie-73923-33-16-ll500-wheel-assy,A/R,40001,Up,Air filled | sn_breaks=GS90 RT:40001-Up;GS90 RT:40001-Up
GN73924,Genie,73924,19.5 x 14.00 wheel,WHEELS / TIRES,wheels,GS90 RT,hold,hold,genie-73924-19-5-x-14-00-wheel,A/R,40001,Up,sn_breaks=GS90 RT:40001-Up;GS90 RT:40001-Up
GN73925,Genie,73925,33/16 LL500 10 ply tire,WHEELS / TIRES,wheels,GS90 RT,hold,hold,genie-73925-33-16-ll500-10-ply-tire,A/R,40001,Up,sn_breaks=GS90 RT:40001-Up;GS90 RT:40001-Up
GN78674,Genie,78674,Level sensor,LEVEL SENSORS,sensors,GS68 RT|GS84 RT|GS90 RT,1,pending,genie-78674-level-sensor,1,41754,Up,sn_breaks=GS68 RT:41754-Up;GS84 RT:40077-Up;GS90 RT:41158-Up
GN78903,Genie,78903,Joystick controller,CONTROLLERS,controllers,GS68 RT|GS84 RT|GS90 RT,1,pending,genie-78903-joystick-controller,1,42382,Up,"Single axis, drive/steer | sn_breaks=GS68 RT:42382-Up;GS84 RT:40213-Up;GS90 RT:41523-Up"
GN79099,Genie,79099,15 x 10 wheel,WHEELS / TIRES,wheels,GS84 RT,hold,hold,genie-79099-15-x-10-wheel,A/R,1,Up,sn_breaks=GS84 RT:1-Up;GS84 RT:1-Up
GN79100,Genie,79100,26 x 12 D380 tire,WHEELS / TIRES,wheels,GS84 RT,hold,hold,genie-79100-26-x-12-d380-tire,A/R,1,Up,Require foam filled | sn_breaks=GS84 RT:1-Up
GN79101,Genie,79101,Left wheel assy,WHEELS / TIRES,wheels,GS84 RT,hold,hold,genie-79101-left-wheel-assy,A/R,1,Up,Foam filled | sn_breaks=GS84 RT:1-Up
GN79102,Genie,79102,Right wheel assy,WHEELS / TIRES,wheels,GS84 RT,hold,hold,genie-79102-right-wheel-assy,A/R,1,Up,Foam filled | sn_breaks=GS84 RT:1-Up
GN79154,Genie,79154,Solenoid steering,VALVES,valves,GS90 RT,2,pending,genie-79154-solenoid-steering,1,40001,40518,sn_breaks=GS90 RT:40001-40518
GN81578,Genie,81578,Horn,ACCESSORIES,accessories,GS68 RT|GS84 RT|GS90 RT,1,pending,genie-81578-horn,1,1,Up,sn_breaks=GS68 RT:1-Up;GS84 RT:40001-Up;GS90 RT:40001-Up
GN82417,Genie,82417,Upper control box overlay,DECALS / LABELS,decals,GS68 RT|GS84 RT|GS90 RT,hold,hold,genie-82417-upper-control-box-overlay,1,42382,Up,sn_breaks=GS68 RT:42382-Up;GS84 RT:40213-Up;GS90 RT:41523-Up
GN82418,Genie,82418,Ground controls,DECALS / LABELS,decals,GS68 RT|GS84 RT|GS90 RT,hold,hold,genie-82418-ground-controls,1,42382,44988,sn_breaks=GS68 RT:42382-44988;GS84 RT:40213-40832;GS90 RT:40833-Up
GN82721,Genie,82721,Ground controls 44989 Up,DECALS / LABELS,decals,GS68 RT,hold,hold,genie-82721-ground-controls-44989-up,,,,
GN82798,Genie,82798,Ground controls,DECALS / LABELS,decals,GS84 RT,hold,hold,genie-82798-ground-controls,1,40833,Up,sn_breaks=GS84 RT:40833-Up
GN84108,Genie,84108,Solenoid proportional,VALVES,valves,GS90 RT,2,pending,genie-84108-solenoid-proportional,1,40001,Up,sn_breaks=GS90 RT:40001-Up;GS90 RT:40001-Up
GN84109,Genie,84109,Solenoid steering,VALVES,valves,GS90 RT,2,pending,genie-84109-solenoid-steering,1,40001,Up,sn_breaks=GS90 RT:40001-Up;GS90 RT:40519-Up
GN84128,Genie,84128,Solenoid brake,VALVES,valves,GS90 RT,2,pending,genie-84128-solenoid-brake,1,40001,40296,sn_breaks=GS90 RT:40001-40296
GN84405,Genie,84405,Safety kit (words),DECALS / LABELS,decals,GS68 RT,hold,hold,genie-84405-safety-kit-words,1,42000,42381,Dual fuel | sn_breaks=GS68 RT:42000-42381
GN84406,Genie,84406,Safety kit (words),DECALS / LABELS,decals,GS68 RT,hold,hold,genie-84406-safety-kit-words,1,42000,42381,Diesel | sn_breaks=GS68 RT:42000-42381
GN84749,Genie,84749,Safety kit (words),DECALS / LABELS,decals,GS68 RT,hold,hold,genie-84749-safety-kit-words,1,42382,43183,Diesel | sn_breaks=GS68 RT:42382-43183
GN84836,Genie,84836,Safety kit (words),DECALS / LABELS,decals,GS84 RT|GS90 RT,hold,hold,genie-84836-safety-kit-words,1,40213,40965,sn_breaks=GS84 RT:40213-40965;GS90 RT:41523-42904
GN84837,Genie,84837,Safety kit (symbols),DECALS / LABELS,decals,GS84 RT|GS90 RT,hold,hold,genie-84837-safety-kit-symbols,1,40001,Up,sn_breaks=GS84 RT:40001-Up;GS90 RT:40001-42685
GN89862,Genie,89862,Solenoid brake,VALVES,valves,GS90 RT,2,pending,genie-89862-solenoid-brake,1,40297,Up,sn_breaks=GS90 RT:40297-Up;GS90 RT:41691-Up
GN96008-S,Genie,96008-S,Key switch - 3 position maintained,SWITCHES,switches,GS68 RT|GS84 RT|GS90 RT,1,pending,genie-96008-s-key-switch-3-position-maintained,1,41824,Up,sn_breaks=GS68 RT:41824-Up;GS84 RT:40213-Up;GS90 RT:41351-Up
GN96011,Genie,96011,Key switch kit - 3 position w/terminals,SWITCHES,switches,GS68 RT|GS84 RT|GS90 RT,1,pending,genie-96011-key-switch-kit-3-position-w-terminals,1,1,37961,sn_breaks=GS68 RT:1-37961;GS84 RT:40001-40131;GS90 RT:40001-40085
GN96452,Genie,96452,7A circuit breaker,FUSES / CIRCUIT BREAKERS,fuses,GS68 RT,1,pending,genie-96452-7a-circuit-breaker,1,1,Up,sn_breaks=GS68 RT:1-Up
GN97364,Genie,97364,Safety kit (words),DECALS / LABELS,decals,GS68 RT,hold,hold,genie-97364-safety-kit-words,1,43184,44988,Diesel | sn_breaks=GS68 RT:43184-44988
GN97365,Genie,97365,Safety kit (symbols),DECALS / LABELS,decals,GS68 RT,hold,hold,genie-97365-safety-kit-symbols,1,42382,Up,Dual fuel | sn_breaks=GS68 RT:42382-Up
GN97374,Genie,97374,Safety kit (words),DECALS / LABELS,decals,GS84 RT|GS90 RT,hold,hold,genie-97374-safety-kit-words,1,40001,40212,sn_breaks=GS84 RT:40001-40212;GS90 RT:40001-41522
GN97467,Genie,97467,Solenoid brake 44771 Up,VALVES,valves,GS68 RT,2,pending,genie-97467-solenoid-brake-44771-up,,,,
GN99164,Genie,99164,Rocker switch,SWITCHES,switches,GS84 RT|GS90 RT,1,pending,genie-99164-rocker-switch,1,40213,Up,Analog | sn_breaks=GS84 RT:40213-Up;GS90 RT:41523-Up
JL0140001,JLG,0140001,Horn,ACCESSORIES,accessories,260 MRT|3394 RT|4394 RT,1,pending,jlg-0140001-horn,1,1,Up,sn_breaks=260 MRT:1-Up;3394 RT:1-Up;4394 RT:1-Up
JL0140011,JLG,0140011,Tilt alarm,ACCESSORIES,accessories,260 MRT|3394 RT|400 RTS|4394 RT|500 RTS,1,pending,jlg-0140011-tilt-alarm,1,1,Up,sn_breaks=260 MRT:1-Up;400 RTS:1-Up;500 RTS:1-Up;3394 RT:1-Up;4394 RT:1-Up
JL0140032,JLG,0140032,Descent/motion alarm,ACCESSORIES,accessories,3394 RT|400 RTS|4394 RT|500 RTS,1,pending,jlg-0140032-descent-motion-alarm,1,1,Up,sn_breaks=400 RTS:1-Up;500 RTS:1-Up;3394 RT:1-Up;4394 RT:1-Up
JL0140044,JLG,0140044,Descent/motion alarm,ACCESSORIES,accessories,260 MRT|400 RTS|500 RTS,1,pending,jlg-0140044-descent-motion-alarm,1,1,Up,sn_breaks=260 MRT:1-Up;400 RTS:1-Up;500 RTS:1-Up
JL0258011,JLG,0258011,Right wheel assy,WHEELS / TIRES,wheels,3394 RT|4394 RT,hold,hold,jlg-0258011-right-wheel-assy,A/R,1,Up,33/16LL x 16.5 lug | sn_breaks=3394 RT:1-Up;4394 RT:1-Up
JL0258012,JLG,0258012,Left wheel assy,WHEELS / TIRES,wheels,3394 RT|4394 RT,hold,hold,jlg-0258012-left-wheel-assy,A/R,1,Up,33/16LL x 16.5 lug | sn_breaks=3394 RT:1-Up;4394 RT:1-Up
JL0259975,JLG,0259975,26 x 12.00 right wheel assy,WHEELS / TIRES,wheels,260 MRT,hold,hold,jlg-0259975-26-x-12-00-right-wheel-assy,A/R,1,Up,Air filled | sn_breaks=260 MRT:1-Up
JL0259976,JLG,0259976,26 x 12.00 left wheel assy,WHEELS / TIRES,wheels,260 MRT,hold,hold,jlg-0259976-26-x-12-00-left-wheel-assy,A/R,1,Up,Air filled | sn_breaks=260 MRT:1-Up
JL0259977,JLG,0259977,26 x 12.00 right wheel assy,WHEELS / TIRES,wheels,260 MRT,hold,hold,jlg-0259977-26-x-12-00-right-wheel-assy,A/R,1,Up,Foam filled | sn_breaks=260 MRT:1-Up
JL0259978,JLG,0259978,26 x 12.00 left wheel assy,WHEELS / TIRES,wheels,260 MRT,hold,hold,jlg-0259978-26-x-12-00-left-wheel-assy,A/R,1,Up,Foam filled | sn_breaks=260 MRT:1-Up
JL0273414,JLG,0273414,31 x 15.5 x 15 left wheel assy,WHEELS / TIRES,wheels,400 RTS|500 RTS,hold,hold,jlg-0273414-31-x-15-5-x-15-left-wheel-assy,A/R,1,Up,Standard | sn_breaks=400 RTS:1-Up;500 RTS:1-Up
JL0273415,JLG,0273415,31 x 15.5 x 15 right wheel assy,WHEELS / TIRES,wheels,400 RTS|500 RTS,hold,hold,jlg-0273415-31-x-15-5-x-15-right-wheel-assy,A/R,1,Up,Standard | sn_breaks=400 RTS:1-Up;500 RTS:1-Up
JL1001102811,JLG,1001102811,Level sensor,LEVEL SENSORS,sensors,260 MRT|3394 RT|4394 RT,1,pending,jlg-1001102811-level-sensor,1,1,Up,Replaces 4360481 & 4000006 | sn_breaks=260 MRT:1-Up;3394 RT:1-184435;4394 RT:1-184435
JL1060846,JLG,1060846,Emergency down cable,CONTROLLERS,controllers,260 MRT,1,pending,jlg-1060846-emergency-down-cable,1,1,Up,sn_breaks=260 MRT:1-Up
JL1600157,JLG,1600157,Joystick controller,CONTROLLERS,controllers,400 RTS|500 RTS,1,pending,jlg-1600157-joystick-controller,1,1,57700,sn_breaks=400 RTS:1-57700;500 RTS:1-57700
JL1600290,JLG,1600290,Joystick controller,CONTROLLERS,controllers,400 RTS|500 RTS,1,pending,jlg-1600290-joystick-controller,1,57701,Up,sn_breaks=400 RTS:57701-Up;500 RTS:57701-Up
JL1600308,JLG,1600308,Joystick controller,CONTROLLERS,controllers,260 MRT|3394 RT|4394 RT,1,pending,jlg-1600308-joystick-controller,1,1,142022,sn_breaks=260 MRT:1-142022;3394 RT:1-141440;4394 RT:1-141440
JL1600403,JLG,1600403,Joystick controller,CONTROLLERS,controllers,260 MRT|3394 RT|4394 RT,1,pending,jlg-1600403-joystick-controller,1,142023,Up,sn_breaks=260 MRT:142023-Up;3394 RT:141441-Up;4394 RT:141441-Up
JL1703816,JLG,1703816,General safety,DECALS / LABELS,decals,260 MRT|3394 RT|400 RTS|4394 RT|500 RTS,hold,hold,jlg-1703816-general-safety,1,1,Up,sn_breaks=260 MRT:1-Up;400 RTS:1-Up;500 RTS:1-Up;3394 RT:1-Up;4394 RT:1-Up
JL1704462,JLG,1704462,Ground controls,DECALS / LABELS,decals,260 MRT,hold,hold,jlg-1704462-ground-controls,1,1,112398,sn_breaks=260 MRT:1-112398
JL1704480,JLG,1704480,Platform legend,DECALS / LABELS,decals,400 RTS|500 RTS,hold,hold,jlg-1704480-platform-legend,1,1,Up,sn_breaks=400 RTS:1-Up;500 RTS:1-Up
JL1705190,JLG,1705190,Platform legend,DECALS / LABELS,decals,3394 RT|4394 RT,hold,hold,jlg-1705190-platform-legend,1,1,Up,sn_breaks=3394 RT:1-Up;4394 RT:1-Up
JL1705688,JLG,1705688,Lower control box,DECALS / LABELS,decals,3394 RT|4394 RT,hold,hold,jlg-1705688-lower-control-box,1,112736,Up,sn_breaks=3394 RT:112736-Up;4394 RT:112736-Up
JL1705729,JLG,1705729,Ground controls,DECALS / LABELS,decals,260 MRT,hold,hold,jlg-1705729-ground-controls,1,112399,Up,sn_breaks=260 MRT:112399-Up
JL1705913,JLG,1705913,Upper control box,DECALS / LABELS,decals,3394 RT|4394 RT,hold,hold,jlg-1705913-upper-control-box,1,1,Up,1 of 2 | sn_breaks=3394 RT:1-Up;4394 RT:1-Up
JL1705914,JLG,1705914,Upper control box,DECALS / LABELS,decals,3394 RT|4394 RT,hold,hold,jlg-1705914-upper-control-box,1,1,Up,2 of 2 | sn_breaks=3394 RT:1-Up;4394 RT:1-Up
JL1810140,JLG,1810140,Level sensor,LEVEL SENSORS,sensors,3394 RT|4394 RT,1,pending,jlg-1810140-level-sensor,1,184436,Up,sn_breaks=3394 RT:184436-Up;4394 RT:184436-Up
JL2420009,JLG,2420009,Hour meter gauge,ACCESSORIES,accessories,400 RTS|500 RTS,1,pending,jlg-2420009-hour-meter-gauge,1,1,Up,sn_breaks=400 RTS:1-Up;500 RTS:1-Up
JL2420172,JLG,2420172,Hour meter gauge,ACCESSORIES,accessories,260 MRT|3394 RT|4394 RT,1,pending,jlg-2420172-hour-meter-gauge,1,1,Up,sn_breaks=260 MRT:1-Up;3394 RT:1-Up;4394 RT:1-Up
JL2910033,JLG,2910033,Safety kit,DECALS / LABELS,decals,400 RTS|500 RTS,hold,hold,jlg-2910033-safety-kit,1,1,Up,sn_breaks=400 RTS:1-Up;500 RTS:1-Up
JL2910480,JLG,2910480,Safety kit,DECALS / LABELS,decals,260 MRT,hold,hold,jlg-2910480-safety-kit,1,1,Up,sn_breaks=260 MRT:1-Up
JL2910832,JLG,2910832,Safety kit,DECALS / LABELS,decals,3394 RT|4394 RT,hold,hold,jlg-2910832-safety-kit,1,1,Up,sn_breaks=3394 RT:1-Up;4394 RT:1-Up
JL2920105,JLG,2920105,Strobe light,ACCESSORIES,accessories,400 RTS|500 RTS,1,pending,jlg-2920105-strobe-light,1,1,Up,sn_breaks=400 RTS:1-Up;500 RTS:1-Up
JL2920146,JLG,2920146,Strobe light,ACCESSORIES,accessories,260 MRT|3394 RT|4394 RT,1,pending,jlg-2920146-strobe-light,1,1,Up,sn_breaks=260 MRT:1-Up;3394 RT:1-Up;4394 RT:1-Up
JL3252796,JLG,3252796,Lower control box,DECALS / LABELS,decals,3394 RT|4394 RT,hold,hold,jlg-3252796-lower-control-box,1,1,112735,sn_breaks=3394 RT:1-112735;4394 RT:1-112735
JL3740049,JLG,3740049,SPDT 12V 30A relay,DIODES / RELAYS,relays,260 MRT|3394 RT|400 RTS|4394 RT|500 RTS,1,pending,jlg-3740049-spdt-12v-30a-relay,A/R,1,Up,w/bracket | sn_breaks=260 MRT:1-Up;400 RTS:1-Up;500 RTS:1-Up;3394 RT:1-Up;4394 RT:1-Up
JL3740059,JLG,3740059,SPDT 12V 50A relay,DIODES / RELAYS,relays,400 RTS|500 RTS,1,pending,jlg-3740059-spdt-12v-50a-relay,1,1,Up,sn_breaks=400 RTS:1-Up;500 RTS:1-Up
JL3740067,JLG,3740067,SPDT 12V 70A relay,DIODES / RELAYS,relays,3394 RT|400 RTS|4394 RT|500 RTS,1,pending,jlg-3740067-spdt-12v-70a-relay,1,1,Up,sn_breaks=400 RTS:1-Up;500 RTS:1-Up;3394 RT:1-Up;4394 RT:1-Up
JL3740077,JLG,3740077,SPDT 6V 30A relay,DIODES / RELAYS,relays,400 RTS|500 RTS,1,pending,jlg-3740077-spdt-6v-30a-relay,1,1,Up,sn_breaks=400 RTS:1-Up;500 RTS:1-Up
JL3740080,JLG,3740080,SPDT 12V 30A relay,DIODES / RELAYS,relays,3394 RT|400 RTS|4394 RT|500 RTS,1,pending,jlg-3740080-spdt-12v-30a-relay,A/R,1,Up,w/bracket | sn_breaks=400 RTS:1-Up;500 RTS:1-Up;3394 RT:1-Up;4394 RT:1-Up
JL3740112,JLG,3740112,SPDT 12V 75A relay,DIODES / RELAYS,relays,3394 RT|4394 RT,1,pending,jlg-3740112-spdt-12v-75a-relay,1,1,149012,sn_breaks=3394 RT:1-149012;4394 RT:1-149012
JL4060802,JLG,4060802,Switch guard,SWITCHES,switches,260 MRT|3394 RT|400 RTS|4394 RT|500 RTS,1,pending,jlg-4060802-switch-guard,A/R,1,Up,sn_breaks=260 MRT:1-Up;400 RTS:1-Up;500 RTS:1-Up;3394 RT:1-Up;4394 RT:1-Up
JL4360070,JLG,4360070,15A circuit breaker,FUSES / CIRCUIT BREAKERS,fuses,260 MRT|3394 RT|4394 RT,1,pending,jlg-4360070-15a-circuit-breaker,1,1,Up,sn_breaks=260 MRT:1-Up;3394 RT:1-Up;4394 RT:1-Up
JL4360212,JLG,4360212,3A circuit breaker,FUSES / CIRCUIT BREAKERS,fuses,400 RTS|500 RTS,1,pending,jlg-4360212-3a-circuit-breaker,1,1,Up,sn_breaks=400 RTS:1-Up;500 RTS:1-Up
JL4360216,JLG,4360216,30A circuit breaker,FUSES / CIRCUIT BREAKERS,fuses,400 RTS|500 RTS,1,pending,jlg-4360216-30a-circuit-breaker,1,1,Up,Auto-reset | sn_breaks=400 RTS:1-Up;500 RTS:1-Up
JL4360232,JLG,4360232,15A circuit breaker,FUSES / CIRCUIT BREAKERS,fuses,400 RTS|500 RTS,1,pending,jlg-4360232-15a-circuit-breaker,1,1,Up,Auto-reset | sn_breaks=400 RTS:1-Up;500 RTS:1-Up
JL4360274,JLG,4360274,Push button switch,SWITCHES,switches,400 RTS|500 RTS,1,pending,jlg-4360274-push-button-switch,A/R,1,Up,sn_breaks=400 RTS:1-Up;500 RTS:1-Up
JL4360290,JLG,4360290,Key switch,SWITCHES,switches,400 RTS|500 RTS,1,pending,jlg-4360290-key-switch,1,1,65039,sn_breaks=400 RTS:1-65039;500 RTS:1-65039
JL4360314,JLG,4360314,Toggle switch DPDT - 3 position momentary,SWITCHES,switches,400 RTS|500 RTS,1,pending,jlg-4360314-toggle-switch-dpdt-3-position-momentary,A/R,1,Up,sn_breaks=400 RTS:1-Up;500 RTS:1-Up
JL4360328,JLG,4360328,Toggle switch SPDT - 3 position momentary,SWITCHES,switches,260 MRT|3394 RT|4394 RT,1,pending,jlg-4360328-toggle-switch-spdt-3-position-momentary,A/R,1,Up,sn_breaks=260 MRT:1-Up;3394 RT:1-Up;4394 RT:1-Up
JL4360329,JLG,4360329,Toggle switch SPDT - 2 position maintained,SWITCHES,switches,400 RTS|500 RTS,1,pending,jlg-4360329-toggle-switch-spdt-2-position-maintained,A/R,1,Up,sn_breaks=400 RTS:1-Up;500 RTS:1-Up
JL4360330,JLG,4360330,Toggle switch SPDT - 2 position maintained,SWITCHES,switches,400 RTS|500 RTS,1,pending,jlg-4360330-toggle-switch-spdt-2-position-maintained,A/R,1,Up,sn_breaks=400 RTS:1-Up;500 RTS:1-Up
JL4360331,JLG,4360331,Toggle switch DPDT - 3 position momentary,SWITCHES,switches,260 MRT|400 RTS|500 RTS,1,pending,jlg-4360331-toggle-switch-dpdt-3-position-momentary,A/R,1,Up,sn_breaks=260 MRT:1-Up;400 RTS:1-Up;500 RTS:1-Up
JL4360345,JLG,4360345,Toggle switch DPDT - 3 position momentary,SWITCHES,switches,400 RTS|500 RTS,1,pending,jlg-4360345-toggle-switch-dpdt-3-position-momentary,A/R,1,Up,sn_breaks=400 RTS:1-Up;500 RTS:1-Up
JL4360348,JLG,4360348,Level sensor,LEVEL SENSORS,sensors,400 RTS|500 RTS,1,pending,jlg-4360348-level-sensor,1,1,Up,400RTS | sn_breaks=400 RTS:1-Up;500 RTS:1-Up
JL4360357,JLG,4360357,Level sensor,LEVEL SENSORS,sensors,400 RTS|500 RTS,1,pending,jlg-4360357-level-sensor,1,1,Up,500RTS | sn_breaks=400 RTS:1-Up;500 RTS:1-Up
JL4360387,JLG,4360387,Yellow push button switch,SWITCHES,switches,260 MRT|3394 RT|4394 RT,1,pending,jlg-4360387-yellow-push-button-switch,A/R,1,Up,sn_breaks=260 MRT:1-Up;3394 RT:1-Up;4394 RT:1-Up
JL4360448,JLG,4360448,10A circuit breaker,FUSES / CIRCUIT BREAKERS,fuses,3394 RT|4394 RT,1,pending,jlg-4360448-10a-circuit-breaker,1,1,Up,sn_breaks=3394 RT:1-Up;4394 RT:1-Up
JL4360469,JLG,4360469,Key switch,SWITCHES,switches,260 MRT|3394 RT|400 RTS|4394 RT|500 RTS,1,pending,jlg-4360469-key-switch,1,1,Up,sn_breaks=260 MRT:1-Up;400 RTS:65040-Up;500 RTS:65040-Up;3394 RT:1-Up;4394 RT:1-Up
JL4360475,JLG,4360475,E-stop switch kit,SWITCHES,switches,260 MRT|3394 RT|400 RTS|4394 RT|500 RTS,1,pending,jlg-4360475-e-stop-switch-kit,2,1,Up,sn_breaks=260 MRT:1-Up;400 RTS:1-Up;500 RTS:1-Up;3394 RT:1-Up;4394 RT:1-Up
JL4360482,JLG,4360482,Toggle switch SPDT - 2 position maintained,SWITCHES,switches,260 MRT|3394 RT|4394 RT,1,pending,jlg-4360482-toggle-switch-spdt-2-position-maintained,A/R,1,Up,Fuel select (dual fuel) | sn_breaks=260 MRT:1-Up;3394 RT:1-Up;4394 RT:1-Up
JL4360483,JLG,4360483,Toggle switch SPDT - 2 position momentary,SWITCHES,switches,260 MRT|3394 RT|4394 RT,1,pending,jlg-4360483-toggle-switch-spdt-2-position-momentary,A/R,1,Up,Glow plug | sn_breaks=260 MRT:1-Up;3394 RT:1-Up;4394 RT:1-Up
JL4360524,JLG,4360524,Toggle switch SPDT - 3 position momentary,SWITCHES,switches,3394 RT|4394 RT,1,pending,jlg-4360524-toggle-switch-spdt-3-position-momentary,A/R,1,Up,sn_breaks=3394 RT:1-Up;4394 RT:1-Up
JL4360525,JLG,4360525,Toggle switch SPDT - 2 position maintained,SWITCHES,switches,3394 RT|4394 RT,1,pending,jlg-4360525-toggle-switch-spdt-2-position-maintained,A/R,1,Up,sn_breaks=3394 RT:1-Up;4394 RT:1-Up
JL4520123,JLG,4520123,31-16.5 x 15 8 ply tire,WHEELS / TIRES,wheels,400 RTS|500 RTS,hold,hold,jlg-4520123-31-16-5-x-15-8-ply-tire,A/R,1,Up,Standard | sn_breaks=400 RTS:1-Up;500 RTS:1-Up
JL4520216,JLG,4520216,12 x 16.5 12 ply tire,WHEELS / TIRES,wheels,3394 RT|4394 RT,hold,hold,jlg-4520216-12-x-16-5-12-ply-tire,A/R,1,191605,Lug tire | sn_breaks=3394 RT:1-191605;4394 RT:1-191605
JL4520217,JLG,4520217,33/16LL x 16.5 tire,WHEELS / TIRES,wheels,3394 RT|4394 RT,hold,hold,jlg-4520217-33-16ll-x-16-5-tire,A/R,191606,Up,Lug tire | sn_breaks=3394 RT:191606-Up;4394 RT:191606-Up
JL4520225,JLG,4520225,31-13.5 x 15 tire,WHEELS / TIRES,wheels,400 RTS|500 RTS,hold,hold,jlg-4520225-31-13-5-x-15-tire,A/R,1,Up,Straight rib | sn_breaks=400 RTS:1-Up;500 RTS:1-Up
JL4520233,JLG,4520233,26 x 12.00 tire,WHEELS / TIRES,wheels,260 MRT,hold,hold,jlg-4520233-26-x-12-00-tire,A/R,1,Up,sn_breaks=260 MRT:1-Up
JL4641090,JLG,4641090,Solenoid steering,VALVES,valves,400 RTS|500 RTS,2,pending,jlg-4641090-solenoid-steering,1,1,107516,sn_breaks=400 RTS:1-107516;500 RTS:1-107516
JL4843635,JLG,4843635,15 x 13 wheel,WHEELS / TIRES,wheels,400 RTS|500 RTS,hold,hold,jlg-4843635-15-x-13-wheel,A/R,1,Up,sn_breaks=400 RTS:1-Up;500 RTS:1-Up
JL4860065,JLG,4860065,15 x 10 wheel,WHEELS / TIRES,wheels,400 RTS|500 RTS,hold,hold,jlg-4860065-15-x-10-wheel,A/R,1,Up,Option | sn_breaks=400 RTS:1-Up;500 RTS:1-Up
JL4860126,JLG,4860126,16.5 x 9.75 wheel,WHEELS / TIRES,wheels,400 RTS|500 RTS,hold,hold,jlg-4860126-16-5-x-9-75-wheel,A/R,1,Up,Standard | sn_breaks=400 RTS:1-Up;500 RTS:1-Up
JL4860179,JLG,4860179,16.5 x 12 wheel,WHEELS / TIRES,wheels,3394 RT|4394 RT,hold,hold,jlg-4860179-16-5-x-12-wheel,A/R,1,Up,Use with 4520217 tire | sn_breaks=3394 RT:1-Up;4394 RT:1-Up
JL4860207,JLG,4860207,15.5 x 10 wheel,WHEELS / TIRES,wheels,260 MRT,hold,hold,jlg-4860207-15-5-x-10-wheel,A/R,1,Up,sn_breaks=260 MRT:1-Up
JL4860213,JLG,4860213,16.5 x 9.75 wheel,WHEELS / TIRES,wheels,3394 RT|4394 RT,hold,hold,jlg-4860213-16-5-x-9-75-wheel,A/R,1,191605,Use with 4520216 tire | sn_breaks=3394 RT:1-191605;4394 RT:1-191605
JL7012910,JLG,7012910,Solenoid dump,VALVES,valves,400 RTS|500 RTS,2,pending,jlg-7012910-solenoid-dump,1,1,Up,sn_breaks=400 RTS:1-Up;500 RTS:1-Up
JL7012920,JLG,7012920,Solenoid dump,VALVES,valves,3394 RT|4394 RT,2,pending,jlg-7012920-solenoid-dump,1,191606,Up,sn_breaks=3394 RT:191606-Up;4394 RT:191606-Up
JL7012941,JLG,7012941,Solenoid brake/high speed 191606 Up,VALVES,valves,260 MRT|3394 RT|400 RTS|4394 RT|500 RTS,2,pending,jlg-7012941-solenoid-brake-high-speed-191606-up,1,1,Up,sn_breaks=260 MRT:1-Up;400 RTS:1-Up;500 RTS:1-Up
JL7017410,JLG,7017410,Solenoid dump,VALVES,valves,260 MRT,2,pending,jlg-7017410-solenoid-dump,1,1,Up,sn_breaks=260 MRT:1-Up
JL7017433,JLG,7017433,Solenoid steering,VALVES,valves,3394 RT|400 RTS|4394 RT|500 RTS,2,pending,jlg-7017433-solenoid-steering,1,107517,Up,sn_breaks=400 RTS:107517-Up;500 RTS:107517-Up;3394 RT:191606-Up;4394 RT:191606-Up
JL7020176,JLG,7020176,Contact block N.C.,SWITCHES,switches,260 MRT|3394 RT|400 RTS|4394 RT|500 RTS,1,pending,jlg-7020176-contact-block-n-c,2,1,Up,sn_breaks=260 MRT:1-Up;400 RTS:1-Up;500 RTS:1-Up;3394 RT:1-Up;4394 RT:1-Up
JL7021365,JLG,7021365,Solenoid steering,VALVES,valves,260 MRT|3394 RT|4394 RT,2,pending,jlg-7021365-solenoid-steering,1,1,Up,sn_breaks=260 MRT:1-Up;3394 RT:1-191605;4394 RT:1-191605
JL7024570,JLG,7024570,Solenoid brake/high speed,VALVES,valves,3394 RT|4394 RT,2,pending,jlg-7024570-solenoid-brake-high-speed,2,1,191605,sn_breaks=3394 RT:1-191605;4394 RT:1-191605
JL7024576,JLG,7024576,Solenoid dump,VALVES,valves,3394 RT|4394 RT,2,pending,jlg-7024576-solenoid-dump,1,1,191605,sn_breaks=3394 RT:1-191605;4394 RT:1-191605
SJ102479,Skyjack,102479,SPDT relay socket,DIODES / RELAYS,relays,SJRT 6826|SJRT 6832|SJRT 7127|SJRT 7135|SJRT 8841|SJRT 9241|SJRT 9250,1,pending,skyjack-102479-spdt-relay-socket,A/R,340003,Up,sn_breaks=SJRT 6826:340003-Up;SJRT 6832:340003-Up;SJRT 7127:36486-Up;SJRT 7135:36486-Up;SJRT 8841:40471-Up;SJRT 9241:5604-Up
SJ102572,Skyjack,102572,Push/pull engine on/off switch,SWITCHES,switches,SJRT 6826|SJRT 6832|SJRT 7127|SJRT 7135|SJRT 8841|SJRT 9241|SJRT 9250,1,pending,skyjack-102572-push-pull-engine-on-off-switch,1,340003,34002204,Lower controls | sn_breaks=SJRT 6826:340003-34002204;SJRT 6832:340003-34002204;SJRT 7127:36486-36000193;SJRT 7135:36486-36000193;SJRT 8841:40471-40000441;SJRT 9241:5604-50000512
SJ102692,Skyjack,102692,Push button switch,SWITCHES,switches,SJRT 6826|SJRT 6832|SJRT 7127|SJRT 7135|SJRT 8841|SJRT 9241|SJRT 9250,1,pending,skyjack-102692-push-button-switch,A/R,370000,Up,Lower controls | sn_breaks=SJRT 6826:370000-Up;SJRT 6832:370000-Up;SJRT 6826:340003-34002204;SJRT 6832:340003-34002204;SJRT 7127:36486-36000193;SJRT 7135:36486-36000193
SJ102753,Skyjack,102753,Key switch - 3 position maintained,SWITCHES,switches,SJRT 6826|SJRT 6832|SJRT 7127|SJRT 7135|SJRT 8841|SJRT 9241|SJRT 9250,1,pending,skyjack-102753-key-switch-3-position-maintained,1,340003,34001506,sn_breaks=SJRT 6826:340003-34001506;SJRT 6832:340003-34001506;SJRT 7127:36486-36000193;SJRT 7135:36486-36000193;SJRT 8841:40471-40000441;SJRT 9241:5604-50000512
SJ102769,Skyjack,102769,E-stop button,SWITCHES,switches,SJRT 6826|SJRT 6832|SJRT 7127|SJRT 7135|SJRT 8841|SJRT 9241|SJRT 9250,1,pending,skyjack-102769-e-stop-button,1,340003,34001506,sn_breaks=SJRT 6826:340003-34001506;SJRT 6832:340003-34001506;SJRT 7127:36486-36000193;SJRT 7135:36486-36000193;SJRT 8841:40471-40000441;SJRT 9241:5604-50000512
SJ102836,Skyjack,102836,Rotary switch selector - 2 position maintained,SWITCHES,switches,SJRT 6826|SJRT 6832|SJRT 7127|SJRT 7135|SJRT 8841|SJRT 9241|SJRT 9250,1,pending,skyjack-102836-rotary-switch-selector-2-position-maintained,A/R,36486,36000193,sn_breaks=SJRT 7127:36486-36000193;SJRT 7135:36486-36000193;SJRT 8841:40471-40000441;SJRT 9241:5604-50000512;SJRT 9250:5604-50000512
SJ102837,Skyjack,102837,Rotary switch selector - 3 position momentary,SWITCHES,switches,SJRT 6826|SJRT 6832|SJRT 7127|SJRT 7135|SJRT 8841|SJRT 9241|SJRT 9250,1,pending,skyjack-102837-rotary-switch-selector-3-position-momentary,1,36486,36000193,sn_breaks=SJRT 7127:36486-36000193;SJRT 7135:36486-36000193;SJRT 8841:40471-40000441;SJRT 9241:5604-50000512;SJRT 9250:5604-50000512
SJ102850,Skyjack,102850,12V horn,ACCESSORIES,accessories,SJRT 6826|SJRT 6832|SJRT 7127|SJRT 7135|SJRT 8841|SJRT 9241|SJRT 9250,1,pending,skyjack-102850-12v-horn,1,370000,37002163,sn_breaks=SJRT 6826:370000-37002163;SJRT 6832:370000-37002163;SJRT 6826:340003-34001506;SJRT 6832:340003-34001506;SJRT 7127:36486-36000193;SJRT 7135:36486-36000193
SJ102851,Skyjack,102851,Black push button switch,SWITCHES,switches,SJRT 6826|SJRT 6832|SJRT 7127|SJRT 7135|SJRT 8841|SJRT 9241|SJRT 9250,1,pending,skyjack-102851-black-push-button-switch,A/R,340003,34001506,Upper controls | sn_breaks=SJRT 6826:340003-34001506;SJRT 6832:340003-34001506;SJRT 7127:36486-36000193;SJRT 7135:36486-36000193;SJRT 8841:40471-40000441;SJRT 9241:5604-50000512
SJ102853,Skyjack,102853,Toggle switch SPDT - 3 position momentary,SWITCHES,switches,SJRT 6826|SJRT 6832|SJRT 7127|SJRT 7135|SJRT 8831|SJRT 8841|SJRT 9241|SJRT 9250,1,pending,skyjack-102853-toggle-switch-spdt-3-position-momentary,A/R,370000,Up,sn_breaks=SJRT 6826:370000-Up;SJRT 6832:370000-Up;SJRT 7127:34002204-Up;SJRT 7135:34002204-Up;SJRT 8831:36000194-36000257;SJRT 8841:40000442-40000917
SJ103056,Skyjack,103056,Tilt alarm,ACCESSORIES,accessories,SJRT 6826|SJRT 6832|SJRT 7127|SJRT 7135|SJRT 8841|SJRT 9241|SJRT 9250,1,pending,skyjack-103056-tilt-alarm,1,370000,Up,sn_breaks=SJRT 6826:370000-Up;SJRT 6832:370000-Up;SJRT 6826:340003-Up;SJRT 6832:340003-Up;SJRT 7127:36486-Up;SJRT 7135:36486-Up
SJ103100,Skyjack,103100,Switch base,SWITCHES,switches,SJRT 6826|SJRT 6832|SJRT 8831|SJRT 8841|SJRT 9241|SJRT 9250,1,pending,skyjack-103100-switch-base,A/R,340003,34001506,sn_breaks=SJRT 6826:340003-34001506;SJRT 6832:340003-34001506;SJRT 8831:36486-36000193;SJRT 8841:40471-40000441;SJRT 9241:5604-50000512;SJRT 9250:5604-50000512
SJ103141,Skyjack,103141,Contact block N.O.,SWITCHES,switches,SJRT 6826|SJRT 6832|SJRT 7127|SJRT 7135|SJRT 8841|SJRT 9241|SJRT 9250,1,pending,skyjack-103141-contact-block-n-o,A/R,340003,34001506,Upper controls | sn_breaks=SJRT 6826:340003-34001506;SJRT 6832:340003-34001506;SJRT 7127:36486-36000193;SJRT 7135:36486-36000193;SJRT 8841:40471-40000441;SJRT 9241:5604-50000512
SJ103149,Skyjack,103149,8.25 x 16.5 8 bolt wheel,WHEELS / TIRES,wheels,SJRT 7127|SJRT 7135|SJRT 9241|SJRT 9250,hold,hold,skyjack-103149-8-25-x-16-5-8-bolt-wheel,A/R,340003,Up,sn_breaks=SJRT 7127:340003-Up;SJRT 7135:340003-Up;SJRT 9241:5604-Up;SJRT 9250:5604-Up
SJ103207,Skyjack,103207,DPDT 12V relay,DIODES / RELAYS,relays,SJRT 6826|SJRT 6832|SJRT 7127|SJRT 7135|SJRT 8841|SJRT 9241|SJRT 9250,1,pending,skyjack-103207-dpdt-12v-relay,A/R,340003,Up,Plug-in type | sn_breaks=SJRT 6826:340003-Up;SJRT 6832:340003-Up;SJRT 7127:36486-Up;SJRT 7135:36486-Up;SJRT 8841:40471-Up;SJRT 9241:5604-Up
SJ103225,Skyjack,103225,Contact block N.C.,SWITCHES,switches,SJRT 6826|SJRT 6832|SJRT 7127|SJRT 7135|SJRT 8841|SJRT 9241|SJRT 9250,1,pending,skyjack-103225-contact-block-n-c,A/R,340003,34001506,sn_breaks=SJRT 6826:340003-34001506;SJRT 6832:340003-34001506;SJRT 7127:36486-36000193;SJRT 7135:36486-36000193;SJRT 8841:40471-40000441;SJRT 9241:5604-50000512
SJ103271,Skyjack,103271,DPDT relay socket,DIODES / RELAYS,relays,SJRT 6826|SJRT 6832|SJRT 7127|SJRT 7135|SJRT 8841|SJRT 9241|SJRT 9250,1,pending,skyjack-103271-dpdt-relay-socket,A/R,340003,Up,sn_breaks=SJRT 6826:340003-Up;SJRT 6832:340003-Up;SJRT 7127:36486-Up;SJRT 7135:36486-Up;SJRT 8841:40471-Up;SJRT 9241:5604-Up
SJ103316,Skyjack,103316,SPDT 12V relay,DIODES / RELAYS,relays,SJRT 6826|SJRT 6832|SJRT 7127|SJRT 7135|SJRT 8841|SJRT 9241|SJRT 9250,1,pending,skyjack-103316-spdt-12v-relay,A/R,340003,Up,Plug-in type | sn_breaks=SJRT 6826:340003-Up;SJRT 6832:340003-Up;SJRT 7127:36486-Up;SJRT 7135:36486-Up;SJRT 8841:40471-Up;SJRT 9241:5604-Up
SJ103336,Skyjack,103336,Hour meter gauge,ACCESSORIES,accessories,SJRT 6826|SJRT 6832|SJRT 7127|SJRT 7135|SJRT 8841|SJRT 9241|SJRT 9250,1,pending,skyjack-103336-hour-meter-gauge,1,370000,Up,sn_breaks=SJRT 6826:370000-Up;SJRT 6832:370000-Up;SJRT 6826:340003-Up;SJRT 6832:340003-Up;SJRT 7127:36486-Up;SJRT 7135:36486-Up
SJ103623,Skyjack,103623,Brake N.O.,VALVES,valves,SJRT 6826|SJRT 6832,2,pending,skyjack-103623-brake-n-o,1,37002788,Up,Dump | sn_breaks=SJRT 6826:37002788-Up;SJRT 6832:37002788-Up
SJ103655,Skyjack,103655,Brake N.C.,VALVES,valves,SJRT 6826|SJRT 6832|SJRT 7127|SJRT 7135|SJRT 8831|SJRT 8841|SJRT 9241|SJRT 9250,2,pending,skyjack-103655-brake-n-c,1,370000,Up,Feed | sn_breaks=SJRT 6826:370000-Up;SJRT 6832:370000-Up;SJRT 7127:340003-Up;SJRT 7135:340003-Up;SJRT 8831:36486-Up;SJRT 8841:40471-Up
SJ103656,Skyjack,103656,Brake N.O.,VALVES,valves,SJRT 6826|SJRT 6832|SJRT 7127|SJRT 7135|SJRT 8831|SJRT 8841|SJRT 9241|SJRT 9250,2,pending,skyjack-103656-brake-n-o,1,370000,37002787,Dump | Low volume | sn_breaks=SJRT 6826:370000-37002787;SJRT 6832:370000-37002787;SJRT 6826:370000-Up;SJRT 6832:370000-Up;SJRT 7127:340003-Up;SJRT 7135:340003-Up
SJ103731,Skyjack,103731,SPDT 12V 40A relay,DIODES / RELAYS,relays,SJRT 7127|SJRT 7135|SJRT 8841,1,pending,skyjack-103731-spdt-12v-40a-relay,A/R,36486,36000193,sn_breaks=SJRT 7127:36486-36000193;SJRT 7135:36486-36000193;SJRT 8841:40471-42028
SJ105672,Skyjack,105672,General safety,DECALS / LABELS,decals,SJRT 7127|SJRT 7135|SJRT 8841,hold,hold,skyjack-105672-general-safety,1,36486,36951,sn_breaks=SJRT 7127:36486-36951;SJRT 7135:36486-36951;SJRT 8841:40471-42028
SJ106704,Skyjack,106704,Operator warning,DECALS / LABELS,decals,SJRT 6826|SJRT 6832|SJRT 7127|SJRT 7135|SJRT 8841,hold,hold,skyjack-106704-operator-warning,1,340003,341123,Platform control box | sn_breaks=SJRT 6826:340003-341123;SJRT 6832:340003-341123;SJRT 7127:36486-36951;SJRT 7135:36486-36951;SJRT 8841:40471-42028
SJ107098,Skyjack,107098,Rotating light,ACCESSORIES,accessories,SJRT 6826|SJRT 6832|SJRT 7127|SJRT 7135|SJRT 8841|SJRT 9241|SJRT 9250,1,pending,skyjack-107098-rotating-light,1,340003,Up,sn_breaks=SJRT 6826:340003-Up;SJRT 6832:340003-Up;SJRT 7127:36952-Up;SJRT 7135:36952-Up;SJRT 8841:42029-Up;SJRT 9241:5604-Up
SJ107271,Skyjack,107271,Emergency lowering,VALVES,valves,SJRT 6826|SJRT 6832|SJRT 7127|SJRT 7135|SJRT 8831|SJRT 8841|SJRT 9241|SJRT 9250,2,pending,skyjack-107271-emergency-lowering,1,370000,Up,sn_breaks=SJRT 6826:370000-Up;SJRT 6832:370000-Up;SJRT 7127:340003-Up;SJRT 7135:340003-Up;SJRT 8831:36486-Up;SJRT 8841:40471-Up
SJ108854,Skyjack,108854,Green push button switch,SWITCHES,switches,SJRT 6826|SJRT 6832|SJRT 7127|SJRT 7135|SJRT 8841|SJRT 9241|SJRT 9250,1,pending,skyjack-108854-green-push-button-switch,1,340003,34001506,Lift enable | sn_breaks=SJRT 6826:340003-34001506;SJRT 6832:340003-34001506;SJRT 7127:36486-36000193;SJRT 7135:36486-36000193;SJRT 8841:40471-40000441;SJRT 9241:5604-50000512
SJ111181,Skyjack,111181,Switch guard,SWITCHES,switches,SJRT 8831|SJRT 8841|SJRT 9241|SJRT 9250,1,pending,skyjack-111181-switch-guard,A/R,36486,Up,sn_breaks=SJRT 8831:36486-Up;SJRT 8841:40471-Up;SJRT 9241:5604-Up;SJRT 9250:5604-Up
SJ111627,Skyjack,111627,Toggle switch DPDT - 3 position maintained,SWITCHES,switches,SJRT 8831|SJRT 8841|SJRT 9241|SJRT 9250,1,pending,skyjack-111627-toggle-switch-dpdt-3-position-maintained,1,36486,37451,Dual fuel | sn_breaks=SJRT 8831:36486-37451;SJRT 8841:40471-43103;SJRT 9241:5604-51088;SJRT 9250:5604-51088
SJ111956,Skyjack,111956,SPDT 12V relay 36486 36951 Plug-in type,DIODES / RELAYS,relays,SJRT 7127|SJRT 7135|SJRT 8841,1,pending,skyjack-111956-spdt-12v-relay-36486-36951-plug-in-type,A/R,40471,42028,Plug-in type | sn_breaks=SJRT 8841:40471-42028
SJ111958,Skyjack,111958,TPDT relay socket,DIODES / RELAYS,relays,SJRT 7127|SJRT 7135|SJRT 8841,1,pending,skyjack-111958-tpdt-relay-socket,A/R,36486,36951,sn_breaks=SJRT 7127:36486-36951;SJRT 7135:36486-36951;SJRT 8841:40471-42028
SJ112654,Skyjack,112654,8.25 x 16.5 8 bolt wheel,WHEELS / TIRES,wheels,SJRT 8831|SJRT 8841,hold,hold,skyjack-112654-8-25-x-16-5-8-bolt-wheel,A/R,36952,Up,sn_breaks=SJRT 8831:36952-Up;SJRT 8841:42029-Up
SJ113874,Skyjack,113874,Safety kit,DECALS / LABELS,decals,SJRT 7127|SJRT 7135|SJRT 8841,hold,hold,skyjack-113874-safety-kit,1,36486,36951,sn_breaks=SJRT 7127:36486-36951;SJRT 7135:36486-36951;SJRT 8841:40471-42028
SJ114365,Skyjack,114365,Dump,VALVES,valves,SJRT 6826|SJRT 6832|SJRT 7127|SJRT 7135|SJRT 8831|SJRT 8841|SJRT 9241|SJRT 9250,2,pending,skyjack-114365-dump,1,370000,Up,High volume | sn_breaks=SJRT 6826:370000-Up;SJRT 6832:370000-Up;SJRT 7127:340003-Up;SJRT 7135:340003-Up;SJRT 8831:36486-Up;SJRT 8841:40471-Up
SJ114373,Skyjack,114373,Toggle switch DPDT - 2 position maintained,SWITCHES,switches,SJRT 7127|SJRT 7135|SJRT 8831|SJRT 8841|SJRT 9241|SJRT 9250,1,pending,skyjack-114373-toggle-switch-dpdt-2-position-maintained,A/R,340003,Up,Torque/high speed | sn_breaks=SJRT 7127:340003-Up;SJRT 7135:340003-Up;SJRT 8831:36486-Up;SJRT 8841:40471-Up;SJRT 9241:5604-Up;SJRT 9250:5604-Up
SJ115574,Skyjack,115574,Toggle switch SPDT - 3 position maintained,SWITCHES,switches,SJRT 7127|SJRT 7135|SJRT 8831|SJRT 8841|SJRT 9241|SJRT 9250,1,pending,skyjack-115574-toggle-switch-spdt-3-position-maintained,1,341124,34002204,Fuel selector (dual fuel) | sn_breaks=SJRT 7127:341124-34002204;SJRT 7135:341124-34002204;SJRT 8831:37452-Up;SJRT 8841:43104-Up;SJRT 9241:51089-Up;SJRT 9250:51089-Up
SJ117325,Skyjack,117325,15A circuit breaker,FUSES / CIRCUIT BREAKERS,fuses,SJRT 6826|SJRT 6832|SJRT 7127|SJRT 7135|SJRT 8841|SJRT 9241|SJRT 9250,1,pending,skyjack-117325-15a-circuit-breaker,A/R,341124,Up,sn_breaks=SJRT 6826:341124-Up;SJRT 6832:341124-Up;SJRT 7127:36486-Up;SJRT 7135:36486-Up;SJRT 8841:40471-Up;SJRT 9241:5604-Up
SJ117326,Skyjack,117326,20A circuit breaker,FUSES / CIRCUIT BREAKERS,fuses,SJRT 6826|SJRT 6832|SJRT 7127|SJRT 7135|SJRT 8841|SJRT 9241|SJRT 9250,1,pending,skyjack-117326-20a-circuit-breaker,2,340003,Up,sn_breaks=SJRT 6826:340003-Up;SJRT 6832:340003-Up;SJRT 7127:36486-Up;SJRT 7135:36486-Up;SJRT 8841:40471-Up;SJRT 9241:5604-Up
SJ117880,Skyjack,117880,Level sensor,LEVEL SENSORS,sensors,SJRT 6826|SJRT 6832|SJRT 7127|SJRT 7135|SJRT 8841|SJRT 9241|SJRT 9250,1,pending,skyjack-117880-level-sensor,1,370000,37002163,sn_breaks=SJRT 6826:370000-37002163;SJRT 6832:370000-37002163;SJRT 7127:36486-36000193;SJRT 7135:36486-36000193;SJRT 8841:40471-40000441;SJRT 9241:5604-50000512
SJ117967,Skyjack,117967,Tilt alarm,ACCESSORIES,accessories,SJRT 9241|SJRT 9250,1,pending,skyjack-117967-tilt-alarm,1,50000879,Up,sn_breaks=SJRT 9241:50000879-Up;SJRT 9250:50000879-Up
SJ118277,Skyjack,118277,General safety,DECALS / LABELS,decals,SJRT 6826|SJRT 6832|SJRT 7127|SJRT 7135|SJRT 8841|SJRT 9241|SJRT 9250,hold,hold,skyjack-118277-general-safety,1,340000,340268,Platform | sn_breaks=SJRT 6826:340000-340268;SJRT 6832:340000-340268;SJRT 7127:36952-37451;SJRT 7135:36952-37451;SJRT 8841:42029-43103;SJRT 9241:5604-51088
SJ119726,Skyjack,119726,Main disconnect switch,SWITCHES,switches,SJRT 6826|SJRT 6832|SJRT 7127|SJRT 7135|SJRT 8841|SJRT 9241|SJRT 9250,1,pending,skyjack-119726-main-disconnect-switch,1,370000,Up,sn_breaks=SJRT 6826:370000-Up;SJRT 6832:370000-Up;SJRT 6826:340003-Up;SJRT 6832:340003-Up;SJRT 7127:36486-Up;SJRT 7135:36486-Up
SJ121459,Skyjack,121459,SPDT relay socket retainer clip,DIODES / RELAYS,relays,SJRT 6826|SJRT 6832|SJRT 7127|SJRT 7135|SJRT 8841|SJRT 9241|SJRT 9250,1,pending,skyjack-121459-spdt-relay-socket-retainer-clip,A/R,340003,Up,sn_breaks=SJRT 6826:340003-Up;SJRT 6832:340003-Up;SJRT 7127:36486-Up;SJRT 7135:36486-Up;SJRT 8841:40471-Up;SJRT 9241:5604-Up
SJ121460,Skyjack,121460,DPDT relay socket retainer clip,DIODES / RELAYS,relays,SJRT 6826|SJRT 6832|SJRT 7127|SJRT 7135|SJRT 8841|SJRT 9241|SJRT 9250,1,pending,skyjack-121460-dpdt-relay-socket-retainer-clip,A/R,340003,Up,sn_breaks=SJRT 6826:340003-Up;SJRT 6832:340003-Up;SJRT 7127:36486-Up;SJRT 7135:36486-Up;SJRT 8841:40471-Up;SJRT 9241:5604-Up
SJ121476,Skyjack,121476,Flashing light,ACCESSORIES,accessories,SJRT 7127|SJRT 7135|SJRT 8841|SJRT 9241|SJRT 9250,1,pending,skyjack-121476-flashing-light,1,36486,37451,sn_breaks=SJRT 7127:36486-37451;SJRT 7135:36486-37451;SJRT 8841:40471-43103;SJRT 9241:5604-50000512;SJRT 9250:5604-50000512
SJ123995,Skyjack,123995,Joystick controller,CONTROLLERS,controllers,SJRT 6826|SJRT 6832|SJRT 7127|SJRT 7135|SJRT 8841|SJRT 9241|SJRT 9250,1,pending,skyjack-123995-joystick-controller,1,340003,341123,sn_breaks=SJRT 6826:340003-341123;SJRT 6832:340003-341123;SJRT 7127:37055-37451;SJRT 7135:37055-37451;SJRT 8841:42203-43103;SJRT 9241:50772-51088
SJ124080,Skyjack,124080,Enable joystick,DECALS / LABELS,decals,SJRT 6826|SJRT 6832|SJRT 7127|SJRT 7135|SJRT 8841|SJRT 9241|SJRT 9250,hold,hold,skyjack-124080-enable-joystick,1,340003,341123,Platform control box | sn_breaks=SJRT 6826:340003-341123;SJRT 6832:340003-341123;SJRT 7127:36952-37451;SJRT 7135:36952-37451;SJRT 8841:42029-43103;SJRT 9241:5604-51088
SJ124446,Skyjack,124446,Toggle switch DPDT - 3 position maintained,SWITCHES,switches,SJRT 7127|SJRT 7135|SJRT 8831|SJRT 8841|SJRT 9241|SJRT 9250,1,pending,skyjack-124446-toggle-switch-dpdt-3-position-maintained,A/R,341124,Up,Engine control | sn_breaks=SJRT 7127:341124-Up;SJRT 7135:341124-Up;SJRT 8831:36000194-Up;SJRT 8841:40000442-Up;SJRT 9241:50000513-Up;SJRT 9250:50000513-Up
SJ125136,Skyjack,125136,Upgrade kit,CONTROLLERS,controllers,SJRT 7127|SJRT 7135|SJRT 8841|SJRT 9241|SJRT 9250,1,pending,skyjack-125136-upgrade-kit,1,36486,37054,Replaces 103334 | sn_breaks=SJRT 7127:36486-37054;SJRT 7135:36486-37054;SJRT 8841:40471-42202;SJRT 9241:5604-50771;SJRT 9250:5604-50771
SJ126677,Skyjack,126677,Flashing light,ACCESSORIES,accessories,SJRT 6826|SJRT 6832|SJRT 7127|SJRT 7135|SJRT 8841|SJRT 9241|SJRT 9250,1,pending,skyjack-126677-flashing-light,1,370000,Up,sn_breaks=SJRT 6826:370000-Up;SJRT 6832:370000-Up;SJRT 6826:340003-Up;SJRT 6832:340003-Up;SJRT 7127:37452-Up;SJRT 7135:37452-Up
SJ127035,Skyjack,127035,SPDT 12V 40A relay,DIODES / RELAYS,relays,SJRT 6826|SJRT 6832|SJRT 7127|SJRT 7135|SJRT 8841|SJRT 9241|SJRT 9250,1,pending,skyjack-127035-spdt-12v-40a-relay,A/R,370000,Up,w/bracket | w/bracket (outrigger option) | sn_breaks=SJRT 6826:370000-Up;SJRT 6832:370000-Up;SJRT 6826:340003-Up;SJRT 6832:340003-Up;SJRT 6826:341124-34001506;SJRT 6832:341124-34001506
SJ127131,Skyjack,127131,SPDT 12V 40A relay,DIODES / RELAYS,relays,SJRT 6826|SJRT 6832|SJRT 7127|SJRT 7135|SJRT 8841|SJRT 9241|SJRT 9250,1,pending,skyjack-127131-spdt-12v-40a-relay,A/R,370000,Up,w/bracket (outrigger option) | Option | sn_breaks=SJRT 6826:370000-Up;SJRT 6832:370000-Up;SJRT 6826:34001507-Up;SJRT 6832:34001507-Up;SJRT 7127:36000194-Up;SJRT 7135:36000194-Up
SJ127343,Skyjack,127343,Platform control box,DECALS / LABELS,decals,SJRT 6826|SJRT 6832,hold,hold,skyjack-127343-platform-control-box,1,370000,Up,sn_breaks=SJRT 6826:370000-Up;SJRT 6832:370000-Up
SJ128595,Skyjack,128595,300A Fuse,FUSES / CIRCUIT BREAKERS,fuses,SJRT 6826|SJRT 6832,1,pending,skyjack-128595-300a-fuse,1,370000,Up,sn_breaks=SJRT 6826:370000-Up;SJRT 6832:370000-Up
SJ128742,Skyjack,128742,General safety,DECALS / LABELS,decals,SJRT 6826|SJRT 6832|SJRT 9241|SJRT 9250,hold,hold,skyjack-128742-general-safety,1,340269,34000045,Platform | sn_breaks=SJRT 6826:340269-34000045;SJRT 6832:340269-34000045;SJRT 9241:51089-50000101;SJRT 9250:51089-50000101
SJ129387,Skyjack,129387,31 x 10 x 16.5 8 ply tire,WHEELS / TIRES,wheels,SJRT 7127|SJRT 7135|SJRT 8831|SJRT 8841|SJRT 9241|SJRT 9250,hold,hold,skyjack-129387-31-x-10-x-16-5-8-ply-tire,A/R,340003,Up,sn_breaks=SJRT 7127:340003-Up;SJRT 7135:340003-Up;SJRT 8831:36952-Up;SJRT 8841:42029-Up;SJRT 9241:5604-Up;SJRT 9250:5604-Up
SJ129388,Skyjack,129388,31 x 10 x 16.5 right wheel assy,WHEELS / TIRES,wheels,SJRT 7127|SJRT 7135|SJRT 9241|SJRT 9250,hold,hold,skyjack-129388-31-x-10-x-16-5-right-wheel-assy,A/R,340003,Up,"Air filled | Air filled, 6 ply | sn_breaks=SJRT 7127:340003-Up;SJRT 7135:340003-Up;SJRT 9241:5604-Up;SJRT 9250:5604-Up"
SJ129389,Skyjack,129389,31 x 10 x 16.5 left wheel assy,WHEELS / TIRES,wheels,SJRT 7127|SJRT 7135|SJRT 9241|SJRT 9250,hold,hold,skyjack-129389-31-x-10-x-16-5-left-wheel-assy,A/R,340003,Up,"Air filled | Air filled, 6 ply | sn_breaks=SJRT 7127:340003-Up;SJRT 7135:340003-Up;SJRT 9241:5604-Up;SJRT 9250:5604-Up"
SJ129397,Skyjack,129397,31 x 10 x 16.5 left wheel assy,WHEELS / TIRES,wheels,SJRT 8831|SJRT 8841,hold,hold,skyjack-129397-31-x-10-x-16-5-left-wheel-assy,A/R,36952,Up,"Air filled, 10 ply | sn_breaks=SJRT 8831:36952-Up;SJRT 8841:42029-Up"
SJ129398,Skyjack,129398,31 x 10 x 16.5 right wheel assy,WHEELS / TIRES,wheels,SJRT 8831|SJRT 8841,hold,hold,skyjack-129398-31-x-10-x-16-5-right-wheel-assy,A/R,36952,Up,"Air filled, 10 ply | sn_breaks=SJRT 8831:36952-Up;SJRT 8841:42029-Up"
SJ129984,Skyjack,129984,Safety kit,DECALS / LABELS,decals,SJRT 7127|SJRT 7135|SJRT 8841|SJRT 9241|SJRT 9250,hold,hold,skyjack-129984-safety-kit,1,36952,36000193,sn_breaks=SJRT 7127:36952-36000193;SJRT 7135:36952-36000193;SJRT 8841:42029-43103;SJRT 8841:43104-40000441;SJRT 9241:5604-50000512;SJRT 9250:5604-50000512
SJ129986,Skyjack,129986,Safety kit,DECALS / LABELS,decals,SJRT 6826|SJRT 6832,hold,hold,skyjack-129986-safety-kit,1,340000,340268,sn_breaks=SJRT 6826:340000-340268;SJRT 6832:340000-340268
SJ129988,Skyjack,129988,Safety kit,DECALS / LABELS,decals,SJRT 6826|SJRT 6832,hold,hold,skyjack-129988-safety-kit,1,340269,341123,sn_breaks=SJRT 6826:340269-341123;SJRT 6832:340269-341123
SJ129998,Skyjack,129998,Safety kit,DECALS / LABELS,decals,SJRT 6826|SJRT 6832,hold,hold,skyjack-129998-safety-kit,1,341124,34001506,sn_breaks=SJRT 6826:341124-34001506;SJRT 6832:341124-34001506
SJ130030,Skyjack,130030,31 x 10 x 16.5 right wheel assy,WHEELS / TIRES,wheels,SJRT 8831|SJRT 8841,hold,hold,skyjack-130030-31-x-10-x-16-5-right-wheel-assy,A/R,36952,Up,"Foam filled, 10 ply | sn_breaks=SJRT 8831:36952-Up;SJRT 8841:42029-Up"
SJ130031,Skyjack,130031,31 x 10 x 16.5 left wheel assy,WHEELS / TIRES,wheels,SJRT 8831|SJRT 8841,hold,hold,skyjack-130031-31-x-10-x-16-5-left-wheel-assy,A/R,36952,Up,"Foam filled, 10 ply | sn_breaks=SJRT 8831:36952-Up;SJRT 8841:42029-Up"
SJ130032,Skyjack,130032,31 x 10 x 16.5 right wheel assy,WHEELS / TIRES,wheels,SJRT 7127|SJRT 7135|SJRT 9241|SJRT 9250,hold,hold,skyjack-130032-31-x-10-x-16-5-right-wheel-assy,A/R,340003,Up,"Foam filled | Foam filled, 6 ply | sn_breaks=SJRT 7127:340003-Up;SJRT 7135:340003-Up;SJRT 9241:5604-Up;SJRT 9250:5604-Up"
SJ130033,Skyjack,130033,31 x 10 x 16.5 left wheel assy,WHEELS / TIRES,wheels,SJRT 7127|SJRT 7135|SJRT 9241|SJRT 9250,hold,hold,skyjack-130033-31-x-10-x-16-5-left-wheel-assy,A/R,340003,Up,"Foam filled | Foam filled, 6 ply | sn_breaks=SJRT 7127:340003-Up;SJRT 7135:340003-Up;SJRT 9241:5604-Up;SJRT 9250:5604-Up"
SJ130800,Skyjack,130800,Enable joystick,DECALS / LABELS,decals,SJRT 6826|SJRT 6832|SJRT 7127|SJRT 7135|SJRT 8841|SJRT 9241|SJRT 9250,hold,hold,skyjack-130800-enable-joystick,1,341124,Up,Platform control box | sn_breaks=SJRT 6826:341124-Up;SJRT 6832:341124-Up;SJRT 7127:37452-Up;SJRT 7135:37452-Up;SJRT 8841:43104-Up;SJRT 9241:51089-Up
SJ132537,Skyjack,132537,Joystick controller,CONTROLLERS,controllers,SJRT 6826|SJRT 6832|SJRT 7127|SJRT 7135|SJRT 8841|SJRT 9241|SJRT 9250,1,pending,skyjack-132537-joystick-controller,1,370000,37003468,w/enable relay | sn_breaks=SJRT 6826:370000-37003468;SJRT 6832:370000-37003468;SJRT 6826:340003-34002204;SJRT 6832:340003-34002204;SJRT 7127:37055-36000251;SJRT 7135:37055-36000251
SJ133762,Skyjack,133762,Key switch - 3 position maintained,SWITCHES,switches,SJRT 6826|SJRT 6832,1,pending,skyjack-133762-key-switch-3-position-maintained,1,370000,Up,sn_breaks=SJRT 6826:370000-Up;SJRT 6832:370000-Up
SJ135904,Skyjack,135904,26 x 12D left wheel assy,WHEELS / TIRES,wheels,SJRT 6826|SJRT 6832,hold,hold,skyjack-135904-26-x-12d-left-wheel-assy,A/R,370000,Up,Foam filled | sn_breaks=SJRT 6826:370000-Up;SJRT 6832:370000-Up
SJ135905,Skyjack,135905,26 x 12D right wheel assy,WHEELS / TIRES,wheels,SJRT 6826|SJRT 6832,hold,hold,skyjack-135905-26-x-12d-right-wheel-assy,A/R,370000,Up,Foam filled | sn_breaks=SJRT 6826:370000-Up;SJRT 6832:370000-Up
SJ137681,Skyjack,137681,Lower controls,DECALS / LABELS,decals,SJRT 6826|SJRT 6832,hold,hold,skyjack-137681-lower-controls,1,370000,Up,sn_breaks=SJRT 6826:370000-Up;SJRT 6832:370000-Up
SJ137781,Skyjack,137781,Switch base,SWITCHES,switches,SJRT 6826|SJRT 6832,1,pending,skyjack-137781-switch-base,A/R,370000,Up,sn_breaks=SJRT 6826:370000-Up;SJRT 6832:370000-Up
SJ137782,Skyjack,137782,Contact block N.O.,SWITCHES,switches,SJRT 6826|SJRT 6832,1,pending,skyjack-137782-contact-block-n-o,A/R,370000,Up,sn_breaks=SJRT 6826:370000-Up;SJRT 6832:370000-Up
SJ137783,Skyjack,137783,Contact block N.C.,SWITCHES,switches,SJRT 6826|SJRT 6832,1,pending,skyjack-137783-contact-block-n-c,A/R,370000,Up,sn_breaks=SJRT 6826:370000-Up;SJRT 6832:370000-Up
SJ137785,Skyjack,137785,Red LED block,SWITCHES,switches,SJRT 6826|SJRT 6832,1,pending,skyjack-137785-red-led-block,2,370000,Up,sn_breaks=SJRT 6826:370000-Up;SJRT 6832:370000-Up
SJ137786,Skyjack,137786,Contact block base w/1 N.O.,SWITCHES,switches,SJRT 6826|SJRT 6832,1,pending,skyjack-137786-contact-block-base-w-1-n-o,A/R,370000,Up,sn_breaks=SJRT 6826:370000-Up;SJRT 6832:370000-Up
SJ137792,Skyjack,137792,Black push button switch,SWITCHES,switches,SJRT 6826|SJRT 6832,1,pending,skyjack-137792-black-push-button-switch,A/R,370000,Up,sn_breaks=SJRT 6826:370000-Up;SJRT 6832:370000-Up
SJ137793,Skyjack,137793,Rotary switch selector - 3 position maintained,SWITCHES,switches,SJRT 6826|SJRT 6832,1,pending,skyjack-137793-rotary-switch-selector-3-position-maintained,1,370000,Up,sn_breaks=SJRT 6826:370000-Up;SJRT 6832:370000-Up
SJ137794,Skyjack,137794,Rotary switch selector - 2 position maintained,SWITCHES,switches,SJRT 6826|SJRT 6832,1,pending,skyjack-137794-rotary-switch-selector-2-position-maintained,1,370000,Up,sn_breaks=SJRT 6826:370000-Up;SJRT 6832:370000-Up
SJ137795,Skyjack,137795,E-stop switch kit,SWITCHES,switches,SJRT 6826|SJRT 6832,1,pending,skyjack-137795-e-stop-switch-kit,2,370000,Up,sn_breaks=SJRT 6826:370000-Up;SJRT 6832:370000-Up
SJ137919,Skyjack,137919,25A circuit breaker,FUSES / CIRCUIT BREAKERS,fuses,SJRT 6826|SJRT 6832,1,pending,skyjack-137919-25a-circuit-breaker,2,370000,Up,sn_breaks=SJRT 6826:370000-Up;SJRT 6832:370000-Up
SJ139544,Skyjack,139544,Safety kit,DECALS / LABELS,decals,SJRT 6826|SJRT 6832,hold,hold,skyjack-139544-safety-kit,1,370000,37002787,sn_breaks=SJRT 6826:370000-37002787;SJRT 6832:370000-37002787
SJ141735,Skyjack,141735,26 x 12D left wheel assy,WHEELS / TIRES,wheels,SJRT 6826|SJRT 6832,hold,hold,skyjack-141735-26-x-12d-left-wheel-assy,A/R,370000,Up,"Air filled, 6826 only on units w/ | sn_breaks=SJRT 6826:370000-Up;SJRT 6832:370000-Up"
SJ141736,Skyjack,141736,26 x 12D right wheel assy,WHEELS / TIRES,wheels,SJRT 6826|SJRT 6832,hold,hold,skyjack-141736-26-x-12d-right-wheel-assy,A/R,370000,Up,"Air filled, 6826 only on units w/ | sn_breaks=SJRT 6826:370000-Up;SJRT 6832:370000-Up"
SJ146526,Skyjack,146526,General safety,DECALS / LABELS,decals,SJRT 6826|SJRT 6832|SJRT 7127|SJRT 7135|SJRT 8841|SJRT 9241|SJRT 9250,hold,hold,skyjack-146526-general-safety,1,370000,37003468,Platform | sn_breaks=SJRT 6826:370000-37003468;SJRT 6832:370000-37003468;SJRT 6826:34000046-34002204;SJRT 6832:34000046-34002204;SJRT 7127:37452-36000251;SJRT 7135:37452-36000251
SJ146652,Skyjack,146652,12V horn,ACCESSORIES,accessories,SJRT 6826|SJRT 6832|SJRT 7127|SJRT 7135|SJRT 8841|SJRT 9241|SJRT 9250,1,pending,skyjack-146652-12v-horn,1,37002164,Up,sn_breaks=SJRT 6826:37002164-Up;SJRT 6832:37002164-Up;SJRT 6826:34001507-Up;SJRT 6832:34001507-Up;SJRT 7127:36000194-Up;SJRT 7135:36000194-Up
SJ146660,Skyjack,146660,Level sensor,LEVEL SENSORS,sensors,SJRT 6826|SJRT 6832,1,pending,skyjack-146660-level-sensor,1,34001507,Up,sn_breaks=SJRT 6826:34001507-Up;SJRT 6832:34001507-Up
SJ146661,Skyjack,146661,Level sensor,LEVEL SENSORS,sensors,SJRT 6826|SJRT 6832|SJRT 7127|SJRT 7135|SJRT 8841,1,pending,skyjack-146661-level-sensor,1,37002164,Up,sn_breaks=SJRT 6826:37002164-Up;SJRT 6832:37002164-Up;SJRT 7127:36000194-Up;SJRT 7135:36000194-Up;SJRT 8841:40000442-Up
SJ147051,Skyjack,147051,E-stop button,SWITCHES,switches,SJRT 6826|SJRT 6832|SJRT 7127|SJRT 7135|SJRT 8841|SJRT 9241|SJRT 9250,1,pending,skyjack-147051-e-stop-button,1,34001507,Up,sn_breaks=SJRT 6826:34001507-Up;SJRT 6832:34001507-Up;SJRT 7127:36000194-Up;SJRT 7135:36000194-Up;SJRT 8841:40000442-Up;SJRT 9241:50000513-Up
SJ147053,Skyjack,147053,Contact block N.C.,SWITCHES,switches,SJRT 6826|SJRT 6832|SJRT 7127|SJRT 7135|SJRT 8841|SJRT 9241|SJRT 9250,1,pending,skyjack-147053-contact-block-n-c,A/R,34001507,Up,sn_breaks=SJRT 6826:34001507-Up;SJRT 6832:34001507-Up;SJRT 7127:36000194-Up;SJRT 7135:36000194-Up;SJRT 8841:40000442-Up;SJRT 9241:50000513-Up
SJ147054,Skyjack,147054,Contact block N.O.,SWITCHES,switches,SJRT 6826|SJRT 6832|SJRT 7127|SJRT 7135|SJRT 8841|SJRT 9241|SJRT 9250,1,pending,skyjack-147054-contact-block-n-o,A/R,34001507,Up,Upper controls | sn_breaks=SJRT 6826:34001507-Up;SJRT 6832:34001507-Up;SJRT 6826:34001507-Up;SJRT 6832:34001507-Up;SJRT 7127:36000194-Up;SJRT 7135:36000194-Up
SJ147056,Skyjack,147056,Switch base,SWITCHES,switches,SJRT 7127|SJRT 7135|SJRT 8831|SJRT 8841|SJRT 9241|SJRT 9250,1,pending,skyjack-147056-switch-base,A/R,34001507,Up,sn_breaks=SJRT 7127:34001507-Up;SJRT 7135:34001507-Up;SJRT 8831:36000194-Up;SJRT 8841:40000442-Up;SJRT 9241:50000513-Up;SJRT 9250:50000513-Up
SJ147058,Skyjack,147058,Black push button switch,SWITCHES,switches,SJRT 7127|SJRT 7135|SJRT 8841|SJRT 9241|SJRT 9250,1,pending,skyjack-147058-black-push-button-switch,A/R,36000194,Up,sn_breaks=SJRT 7127:36000194-Up;SJRT 7135:36000194-Up;SJRT 8841:40000442-Up;SJRT 9241:50000513-Up;SJRT 9250:50000513-Up
SJ147069,Skyjack,147069,Rotary switch selector - 3 position momentary,SWITCHES,switches,SJRT 6826|SJRT 6832|SJRT 7127|SJRT 7135|SJRT 8841|SJRT 9241|SJRT 9250,1,pending,skyjack-147069-rotary-switch-selector-3-position-momentary,1,36000194,Up,sn_breaks=SJRT 7127:36000194-Up;SJRT 7135:36000194-Up;SJRT 8841:40000442-Up;SJRT 9241:50000513-Up;SJRT 9250:50000513-Up
SJ147211,Skyjack,147211,Green push button switch,SWITCHES,switches,SJRT 6826|SJRT 6832|SJRT 7127|SJRT 7135|SJRT 8841|SJRT 9241|SJRT 9250,1,pending,skyjack-147211-green-push-button-switch,1,34001507,Up,Lift enable | sn_breaks=SJRT 6826:34001507-Up;SJRT 6832:34001507-Up;SJRT 7127:36000194-Up;SJRT 7135:36000194-Up;SJRT 8841:40000442-Up;SJRT 9241:50000513-Up
SJ147229,Skyjack,147229,LED block,SWITCHES,switches,SJRT 7127|SJRT 7135|SJRT 8841|SJRT 9241|SJRT 9250,1,pending,skyjack-147229-led-block,1,36000194,Up,sn_breaks=SJRT 7127:36000194-Up;SJRT 7135:36000194-Up;SJRT 8841:40000442-Up;SJRT 9241:50000513-Up;SJRT 9250:50000513-Up
SJ147233,Skyjack,147233,Rotary switch selector - 2 position maintained,SWITCHES,switches,SJRT 6826|SJRT 6832|SJRT 7127|SJRT 7135|SJRT 8841|SJRT 9241|SJRT 9250,1,pending,skyjack-147233-rotary-switch-selector-2-position-maintained,A/R,36000194,Up,sn_breaks=SJRT 7127:36000194-Up;SJRT 7135:36000194-Up;SJRT 8841:40000442-Up;SJRT 9241:50000513-Up;SJRT 9250:50000513-Up
SJ149605,Skyjack,149605,Key switch - 3 position maintained,SWITCHES,switches,SJRT 6826|SJRT 6832|SJRT 7127|SJRT 7135|SJRT 8841|SJRT 9241|SJRT 9250,1,pending,skyjack-149605-key-switch-3-position-maintained,1,34001507,Up,sn_breaks=SJRT 6826:34001507-Up;SJRT 6832:34001507-Up;SJRT 7127:36000194-Up;SJRT 7135:36000194-Up;SJRT 8841:40000442-Up;SJRT 9241:50000513-Up
SJ149812,Skyjack,149812,Safety kit,DECALS / LABELS,decals,SJRT 6826|SJRT 6832,hold,hold,skyjack-149812-safety-kit,1,34001507,34001950,sn_breaks=SJRT 6826:34001507-34001950;SJRT 6832:34001507-34001950
SJ149814,Skyjack,149814,Safety kit,DECALS / LABELS,decals,SJRT 7127|SJRT 7135|SJRT 8841,hold,hold,skyjack-149814-safety-kit,1,36000194,36000232,sn_breaks=SJRT 7127:36000194-36000232;SJRT 7135:36000194-36000232;SJRT 8841:40000442-40000727
SJ149816,Skyjack,149816,Safety kit,DECALS / LABELS,decals,SJRT 9241|SJRT 9250,hold,hold,skyjack-149816-safety-kit,1,50000513,50000745,sn_breaks=SJRT 9241:50000513-50000745;SJRT 9250:50000513-50000745
SJ153336,Skyjack,153336,Steer,VALVES,valves,SJRT 6826|SJRT 6832|SJRT 7127|SJRT 7135|SJRT 8831|SJRT 8841|SJRT 9241|SJRT 9250,2,pending,skyjack-153336-steer,1,370000,Up,Replaces 128797 and 128318 | sn_breaks=SJRT 6826:370000-Up;SJRT 6832:370000-Up;SJRT 7127:340003-Up;SJRT 7135:340003-Up;SJRT 8831:36486-Up;SJRT 8841:40471-Up
SJ158913,Skyjack,158913,General safety,DECALS / LABELS,decals,SJRT 6826|SJRT 6832|SJRT 7127|SJRT 7135|SJRT 8841|SJRT 9241|SJRT 9250,hold,hold,skyjack-158913-general-safety,1,37003469,Up,Platform control box | sn_breaks=SJRT 6826:37003469-Up;SJRT 6832:37003469-Up;SJRT 6826:34002205-Up;SJRT 6832:34002205-Up;SJRT 7127:36000252-Up;SJRT 7135:36000252-Up
SJ158918,Skyjack,158918,Safety kit,DECALS / LABELS,decals,SJRT 6826|SJRT 6832|SJRT 7127|SJRT 7135|SJRT 8841|SJRT 9241|SJRT 9250,hold,hold,skyjack-158918-safety-kit,1,34001951,34002204,not production number after 878 | sn_breaks=SJRT 6826:34001951-34002204;SJRT 6832:34001951-34002204;SJRT 7127:36000233-36000251;SJRT 7135:36000233-36000251;SJRT 8841:40000728-40000917;SJRT 8841:40000918-Up
SJ159230,Skyjack,159230,Joystick controller,CONTROLLERS,controllers,SJRT 6826|SJRT 6832|SJRT 7127|SJRT 7135|SJRT 8841|SJRT 9241|SJRT 9250,1,pending,skyjack-159230-joystick-controller,1,37003469,Up,Hall Effect | sn_breaks=SJRT 6826:37003469-Up;SJRT 6832:37003469-Up;SJRT 6826:34002205-Up;SJRT 6832:34002205-Up;SJRT 7127:36000252-Up;SJRT 7135:36000252-Up
SJ160895,Skyjack,160895,Safety kit,DECALS / LABELS,decals,SJRT 6826|SJRT 6832,hold,hold,skyjack-160895-safety-kit,1,34002205,Up,sn_breaks=SJRT 6826:34002205-Up;SJRT 6832:34002205-Up
SJ160896,Skyjack,160896,Safety kit,DECALS / LABELS,decals,SJRT 7127|SJRT 7135,hold,hold,skyjack-160896-safety-kit,1,36000252,Up,sn_breaks=SJRT 7127:36000252-Up;SJRT 7135:36000252-Up
SJ300802,Skyjack,300802,Toggle switch DPDT - 3 position maintained,SWITCHES,switches,SJRT 7127|SJRT 7135,1,pending,skyjack-300802-toggle-switch-dpdt-3-position-maintained,1,340003,341123,Fuel selector (dual fuel) | sn_breaks=SJRT 7127:340003-341123;SJRT 7135:340003-341123
SJ310585,Skyjack,310585,Level sensor,LEVEL SENSORS,sensors,SJRT 6826|SJRT 6832,1,pending,skyjack-310585-level-sensor,1,340003,34001506,sn_breaks=SJRT 6826:340003-34001506;SJRT 6832:340003-34001506
SJ701930,Skyjack,701930,Toggle switch SPDT - 2 position maintained,SWITCHES,switches,SJRT 7127|SJRT 7135|SJRT 8831|SJRT 8841|SJRT 9241|SJRT 9250,1,pending,skyjack-701930-toggle-switch-spdt-2-position-maintained,A/R,341124,Up,Dual fuel | sn_breaks=SJRT 7127:341124-Up;SJRT 7135:341124-Up;SJRT 8831:37452-36000193;SJRT 8841:43104-40000441;SJRT 9241:51089-50000512;SJRT 9250:51089-50000512
